-- MySQL dump 10.13  Distrib 5.1.73, for redhat-linux-gnu (x86_64)
--
-- Host: mysql.lauraware.com.br    Database: lauraware04
-- ------------------------------------------------------
-- Server version	5.5.40-log

/*!40101 SET @OLD_CHARACTER_SET_CLIENT=@@CHARACTER_SET_CLIENT */;
/*!40101 SET @OLD_CHARACTER_SET_RESULTS=@@CHARACTER_SET_RESULTS */;
/*!40101 SET @OLD_COLLATION_CONNECTION=@@COLLATION_CONNECTION */;
/*!40101 SET NAMES utf8 */;
/*!40103 SET @OLD_TIME_ZONE=@@TIME_ZONE */;
/*!40103 SET TIME_ZONE='+00:00' */;
/*!40014 SET @OLD_UNIQUE_CHECKS=@@UNIQUE_CHECKS, UNIQUE_CHECKS=0 */;
/*!40014 SET @OLD_FOREIGN_KEY_CHECKS=@@FOREIGN_KEY_CHECKS, FOREIGN_KEY_CHECKS=0 */;
/*!40101 SET @OLD_SQL_MODE=@@SQL_MODE, SQL_MODE='NO_AUTO_VALUE_ON_ZERO' */;
/*!40111 SET @OLD_SQL_NOTES=@@SQL_NOTES, SQL_NOTES=0 */;

--
-- Current Database: `lauraware04`
--

CREATE DATABASE /*!32312 IF NOT EXISTS*/ `lauraware04` /*!40100 DEFAULT CHARACTER SET latin1 */;

USE `lauraware04`;

--
-- Table structure for table `acoes`
--

DROP TABLE IF EXISTS `acoes`;
/*!40101 SET @saved_cs_client     = @@character_set_client */;
/*!40101 SET character_set_client = utf8 */;
CREATE TABLE `acoes` (
  `id_acao` int(11) NOT NULL AUTO_INCREMENT,
  `nm_acao` varchar(20) NOT NULL,
  PRIMARY KEY (`id_acao`)
) ENGINE=InnoDB AUTO_INCREMENT=6 DEFAULT CHARSET=latin1;
/*!40101 SET character_set_client = @saved_cs_client */;

--
-- Dumping data for table `acoes`
--

LOCK TABLES `acoes` WRITE;
/*!40000 ALTER TABLE `acoes` DISABLE KEYS */;
INSERT INTO `acoes` VALUES (1,'Inserir'),(2,'Editar'),(3,'Excluir'),(4,'Listar'),(5,'Logar');
/*!40000 ALTER TABLE `acoes` ENABLE KEYS */;
UNLOCK TABLES;

--
-- Table structure for table `alunos`
--

DROP TABLE IF EXISTS `alunos`;
/*!40101 SET @saved_cs_client     = @@character_set_client */;
/*!40101 SET character_set_client = utf8 */;
CREATE TABLE `alunos` (
  `id_aluno` int(11) NOT NULL AUTO_INCREMENT,
  `nu_termo` varchar(50) COLLATE latin1_general_ci NOT NULL,
  `id_religiao` int(11) NOT NULL,
  `nm_aluno` varchar(50) COLLATE latin1_general_ci NOT NULL,
  `id_sexo` int(11) NOT NULL,
  `dt_nascimento` date NOT NULL,
  `nm_mae` varchar(50) COLLATE latin1_general_ci NOT NULL,
  `te_profissao_mae` varchar(30) COLLATE latin1_general_ci NOT NULL,
  `id_analgesico` int(11) NOT NULL,
  `nu_telefone_mae` varchar(50) COLLATE latin1_general_ci NOT NULL,
  `nm_trabalho_mae` varchar(50) COLLATE latin1_general_ci NOT NULL,
  `nm_pai` varchar(50) COLLATE latin1_general_ci NOT NULL,
  `te_profissao_pai` varchar(30) COLLATE latin1_general_ci NOT NULL,
  `nu_telefone_pai` varchar(50) COLLATE latin1_general_ci NOT NULL,
  `nm_trabalho_pai` varchar(50) COLLATE latin1_general_ci NOT NULL,
  `te_email` varchar(50) COLLATE latin1_general_ci NOT NULL,
  `nm_emergencia` varchar(50) COLLATE latin1_general_ci NOT NULL,
  `in_antigo` int(11) NOT NULL,
  `in_emergencia` int(11) NOT NULL,
  `in_aas` int(11) NOT NULL,
  `in_novalgina` int(11) NOT NULL,
  `in_anador` int(11) NOT NULL,
  `in_melhoral` int(11) NOT NULL,
  `in_tylenol` int(11) NOT NULL,
  `in_doril` int(11) NOT NULL,
  `in_alergia` int(11) NOT NULL,
  `nm_alergia` varchar(50) COLLATE latin1_general_ci NOT NULL,
  `in_restricao` int(11) NOT NULL,
  `nm_restricao` varchar(50) COLLATE latin1_general_ci NOT NULL,
  `in_doenca` int(11) NOT NULL,
  `nm_doenca` varchar(50) COLLATE latin1_general_ci NOT NULL,
  `in_plano` int(11) NOT NULL,
  `nm_plano` varchar(50) COLLATE latin1_general_ci NOT NULL,
  `nm_acidente` varchar(50) COLLATE latin1_general_ci NOT NULL,
  `nm_logra` varchar(70) COLLATE latin1_general_ci NOT NULL,
  `nu_logra` varchar(4) COLLATE latin1_general_ci NOT NULL,
  `nm_compl` varchar(40) COLLATE latin1_general_ci NOT NULL,
  `nm_bairro` varchar(40) COLLATE latin1_general_ci NOT NULL,
  `nm_cidade` varchar(50) COLLATE latin1_general_ci NOT NULL,
  `nu_cep` varchar(8) COLLATE latin1_general_ci NOT NULL,
  `nm_uf` varchar(2) COLLATE latin1_general_ci NOT NULL,
  `te_obs` text COLLATE latin1_general_ci NOT NULL,
  `te_imagem` text COLLATE latin1_general_ci NOT NULL,
  `dt_cadastro` date NOT NULL,
  `id_status` int(11) NOT NULL,
  `st_controle` int(11) NOT NULL,
  `id_usuario` int(11) NOT NULL,
  PRIMARY KEY (`id_aluno`),
  KEY `id_religiao` (`id_religiao`),
  KEY `id_status` (`id_status`),
  KEY `id_usuario` (`id_usuario`),
  KEY `id_analgesico` (`id_analgesico`)
) ENGINE=MyISAM AUTO_INCREMENT=590 DEFAULT CHARSET=latin1 COLLATE=latin1_general_ci;
/*!40101 SET character_set_client = @saved_cs_client */;

--
-- Dumping data for table `alunos`
--

LOCK TABLES `alunos` WRITE;
/*!40000 ALTER TABLE `alunos` DISABLE KEYS */;
INSERT INTO `alunos` VALUES (381,'1',2,'ARTHUR FELIPE PAIVA BARBOSA',1,'2016-06-18','ADRIANA DA SILVA PAIVA BARBOSA','',2,'33271035 87616427 91208072','','EDSON BARBOSA JUNIOR','Gerente','986586830 / 92279840','IMBUÍ','junior.show1@hotmail.com','',2,1,0,0,0,0,0,0,0,'PICADA DE MOSQUITO',0,'DOCES',0,'',0,'','AVÓ MARIA 33090459 86458619','RUA MADUREIRA DE PINHO','64A','EDF ITAPICURÚ','CAIXA D AGUA','SALVADOR','40323080','BA','','','0000-00-00',0,1,54),(390,'2',1,'JoséDiogo Gomes Beltrão',1,'2014-08-20','Sandra Regina Santos Gomes','',1,'trab 32584170 cel 86783412','Tel Telemática','Diego Beltrão Da Silva','','cel 986060983','orto Cotegipe','aurisio@yahoo.com.br','',1,1,0,0,0,0,0,0,0,'',0,'',0,'',0,'','Mãe, Pai ou Avó Sônia','Rua Desembargador Julio De Brito','14a','9 travessa','Baixa De Quintas','Salvador','40300160','BA','','','2018-05-18',0,1,54),(396,'3',1,'YOSHIMI NASCIMENTO KANZAKI',1,'2015-08-15','MARIA FABIANA SANTOS NASCIMENTO','MERCADÓLOGA',2,'TR 988041552 CEL 988473965','','KAZUMI KANZAKI','SUPORTE','988040427','ZCR INFORMATICA','KAZUMIKANZAKI1000@GMAIL.COM','',1,1,0,0,0,0,0,0,0,'',0,'',0,'',0,'','','RUA CARLOS GOMES','698','AP 1104 EDF . ANABELA','CENTRO','SALVADOR','40060330','BA','','','2018-06-07',0,1,54),(399,'4',2,'NICOLAS DA PAZ XAVIER',1,'2016-07-15','LEIA MARIA DA PAZ XAVIER','administradora',6,'987061304','SEC. MUN. - LAURO DE','JEFERSON XAVIER PINHEIRO DOS SANTOS','ENFERMEIRO','988471061/TRAB 21024419','HOSPITAL COT','jeferson.xavierps@gmail.com','',1,1,0,0,0,0,0,0,0,'atópica',0,'',0,'',0,'','Mãe ou Pai','CONJ. ASTECA , LAD DO PAIVA','40','AP 303 B- B2','CAIXA D AGUA','Salvador','40320720','BA','','','2018-06-19',0,1,54),(400,'5',2,'PEDRO PEREIRA MENESES E SILVA',1,'2015-10-17','ANA DEISE PEREIRA DA SILVA','COMERCIARIA',2,'988622084/991382887/','HONDA AUTOMOVEIS ','PÉRICLES MENESES E SILVA','BOMBEIRO MILITAR','987935735/33865182','','deisemaquely@gmail.com','',1,1,0,0,0,0,0,0,0,'',0,'',0,'',0,'','pai, mãe ou avó materna','RUA VITOR SERRA','45','1 andar','PERO VAZ','SALVADOR','40340290','BA','avó materna : 988058906','','2018-06-19',0,1,54),(401,'6',2,'DAVI MARBACK SANTOS DA SILVA',1,'2015-12-23','ROQUINEIA SANTOS DA SILVA','TURISMOLOGA',6,'32338448/983877152','CRIA RUMO CONSULTORI','CLAUDIO MARBACK DOS SANTOS','TEC DE ENFERMAGEM','988254187','HOSPITAL SANTA ISABE','aurisio@yahoo.com.br','',2,1,0,0,0,0,0,0,0,'',0,'',0,'',0,'','mãe','TV PARAISO','40','EDF VILA GUIMARES AP 302A','CAIXA D AGUA','Salvador','40320200','BA','','','2018-06-19',0,1,54),(402,'7',1,'MARIA LUIZA PEREIRA LIMA',1,'2015-09-20','FERNANDA PEREIRA','AUTONOMA',4,'991512333/32580299','','PERIVALDO LIMA CONCEIÇÃO','COMERCIANTE','983696697/33131992','FEIRA DE SÃO JOAQUIM','aurisio@yahoo.com.br','',1,1,0,0,0,0,0,0,0,'',0,'',0,'',0,'','Mãe ou Pai','RUA FREITAS HENRIQUE DE CIMA','78A','','CAIXA D AGUA','Salvador','40320150','BA','','','2018-06-19',0,1,54),(403,'8',1,'PYETRO BALDOK SANTOS DE JESUS',1,'2016-05-03','ISABEL CRISTINA SANTOS DE JESUS','ENFERMEIRA',2,'987066689','CENTRO DE SALVADOR','MANOEL MESSIAS NEVES DE JESUS','VIGILANTE','988829254','LE PARCK','SEM EMAIL','',1,1,0,0,0,0,0,0,0,'',0,'',0,'',0,'','pai, mãe ou avós','RUA VINTE DE AGOSTO','84','','PAU MIUDO','Salvador','40310610','BA','AVÓ FLORIANO 988530790  AVÓ JACIRA 988771164','','2018-06-19',0,1,54),(404,'9',1,'ISABELLE OLIVEIRA DOS SANTOS',1,'2015-10-14','REBECA EMANUELLE PEDREIRA OLIVEIRA','OPERADORA DE TELEMARKETING',2,'987232547/33860065','ATENTO','ELSON BOMFIM DOS SANTOS','SERVIÇOS GERAIS','986231922','PELOURINHO','bel-linda400@hotmail.com','',1,1,0,0,0,0,0,0,0,'',0,'',0,'',0,'','pai, mãe ou avó Sueli','TV 1 NOSSA SENHORA DAS CANDEIAS','9A','','PERO VAZ','Salvador','40335301','BA','','','2018-06-19',0,1,54),(405,'10',1,'BENJAMIM DA CONCEIÇÃO SILVA DE OLIV',1,'2016-10-25','CLAUDILANDIA DA CONCEIÇÃO SILVA','CONTADORA',6,'988873422/991049181','','TIAGO JESUS DE OLIVEIRA','MOTORISTA','999634274','belov engenharia LTD','claudilandia@yahoo.com.br','',1,1,0,0,0,0,0,0,0,'',0,'',0,'',0,'','','Av Santiago','20','1 andar','Caixa D água','Salvador','40320360','BA','','','2018-06-19',0,1,54),(406,'11',1,'ARTHUR EMA. J. MIRANDA CABRAL MORAI',1,'2014-04-09','ROSANGELA JESUS MIRANDA','MONITORA DE SERVIÇP',6,'33880872/993498115','','RICARDO CABRAL MORAIS','OPERADOR DE MAQUINAS','985563391','MRV ENG.','rosa.miranda25@hotmail.com','',2,1,0,0,0,0,0,0,0,'',0,'',0,'',0,'','Mãe ou Pai','RUA MARQUES DE SOUZA','90','','CAIXA D AGUA','Salvador','40321025','BA','','','2018-06-19',0,1,54),(407,'13',1,'KAUÃ LOPES MENEZES TEIXEIRA',1,'2014-10-26','KALINE LOPES RIBEIRO','AUXILIAR DE PESSOAL',6,'981026675','','HEYDER MARTINS MENEZES TEIXEIRA','APOSENTADO','987768409','','kabybeiro@hotmail.com','',2,1,0,0,0,0,0,0,0,'',0,'',0,'',0,'','Mãe ou Pai','RUA VILA BARLETA','63','casa','MACAÚBAS','SALVADOR','40302380','BA','AVÓ EVA - 33157370','img_masc.jpg','2018-06-20',0,1,54),(408,'14',1,'LARA VITÓRIA PEREIRA DE SOUSA',1,'2014-09-14','MARINA PEREIRA DOS SANTOS','APOSENTADA',6,'986802082/30524789','','ANDERSON SOUSA DOS SANTOS','ESTUDANTE','988462401','','NÃO TEM','',2,1,0,0,0,0,0,0,0,'',0,'',0,'',0,'','Mãe ou Pai','RUA PADRE ARRENIO DA FONSECA','46','','BARROS REIS','Salvador','40315510','BA','AVÓ FÁTIMA: 33827736/ TIO CARLOS: 987189868/ TIA MILENA: 988468382','','2018-06-20',0,1,54),(409,'15',1,'ENZO BRITO DOS SANTOS',1,'2014-08-10','ANELIZIA BRITO DOS SANTOS','TEC EM ENFERMAGEM',6,'988490488/33886577','LABORATÓRIO VITALAB','FABIO SANTANA DOS SANTOS','ATENDENTE','986831979','','aneliziabrito@hotmail.com','',2,1,0,0,0,0,0,0,0,'',0,'',0,'',0,'','MÃE, PAI OU AVÓ','AV SANTIAGO','44','','CAIXA D AGUA','Salvador','40320360','BA','','','2018-06-20',0,1,54),(410,'16',1,'JOAQUIM DE JESUS TAVARES NETO',1,'2015-02-21','SOANE OLIVEIRA DE SANTANA','PRODUTORA DE EVENTOS',6,'986160917','','LUIZ EDUARDO DE OLIVEIRA TAVARES','VENDEDOR','988747825','AMBEV','eduardo-tavares@hotmail.com','',1,1,0,0,0,0,0,0,0,'',0,'',0,'',0,'','Mãe ou Pai','VILA MARGÔ','65','2 ANDAR, LADEIRA DO PAIVA','CAIXA D AGUA','Salvador','40323070','BA','','','2018-06-20',0,1,54),(411,'17',1,'HELOISA CATARINA PEREZ RIBEIRO',1,'2015-01-19','THAIS PEREZ RIBEIRO','ENFERMEIRA',2,'999282818','H. ERNESTO SIMOES','ADEMILSON DO E. S. RIBEIRO DOS SANT','CONTADOR','999997999','RESIDÊNCIA','ademilson_ribeiro7@yahoo.com.b','',2,1,0,0,0,0,0,0,0,'',0,'',0,'',0,'','','RUA DOMINGOS PEREIRA BAIAO','36','','CAIXA D AGUA','Salvador','40320080','BA','','','2018-06-20',0,1,54),(412,'18',1,'CARLOS EDUARDO QUERINO CAZUMBA',1,'2014-12-07','CARLA JOSEANE QUERINO CAZUMBA','CARLA JOSEANE QUERINO CAZUMBA',8,'987759807/987759807','RESIDÊNCIA','JEFERSON','VIGILANTE','987102203','PITUBA','caljoseane','',1,1,0,0,0,0,0,0,0,'',0,'',0,'',0,'','','RUA AGOSTINHO SHIMIDTH','18','1 andar','CAIXA D AGUA','Salvador','40323020','BA','AVO SELMA: 987065336 / TIO ANDRÉ: 987373454','','2018-06-20',0,1,54),(413,'19',1,'BENJAMIN FRAGA CAMPOS',1,'2015-02-15','VIVIAN DOS SANTOS FRAGA','TELEMARKETING',1,'986763727/32349318','LEGIAO DA BOA VONTAD','RAMON ALMEIDA CAMPOS','TEC. EM REFRIGERAÇÃO','986534503','HOSPITAL SAO RAFAEL','fraga21@hotmail.com','',2,1,0,0,0,0,0,0,0,'DEFICIÊNCIA EM GGPD',0,'CORANTE, GRÃO DE FAVA, VITAMIN',0,'',0,'','','RUA MANOEL DRUMIND CX D AGUA','80','','CAIXA D AGUA','Salvador','40320670','BA','','','2018-06-20',0,1,54),(414,'20',1,'ENZO SALE DE OLIVEIRA REIS',1,'2014-10-09','ADRIANA SALES DOS SANTOS','COMERCIARIA',6,'996298193/30334287','','JAYR DE OLIVEIRA REIS','INDUSTRIARIO','996319904','CANDEIAS P ARATU','NAO TEM','',1,1,0,0,0,0,0,0,0,'',0,'',0,'',0,'','Mãe ou Pai','RUA FREITAS HENRIQUE ','00','','CAIXA D AGUA','Salvador','40320165','BA','','','2018-06-20',0,1,54),(415,'21',1,'AMANDA GABRIELA DA CRUZ SILVA',1,'2015-02-11','VERA LUCIA DA CRUZ','POLICIAL MILITAR',6,'987491252 / 31176225','QUARTEL BARRIS','ROBERTO CONCEIÇÃO SILVA','COMERCIARIO','999929602/981762029','SAO CAETANO','verinha34@hotmail.com','',2,1,0,0,0,0,0,0,0,'',0,'',0,'',0,'','Mãe ou Pai','AV ALIOMAR BALEIRO','80','COND MORADA BELA','PAU DA LIMA','Salvador','41385160','BA','','','2018-06-20',0,1,54),(416,'23',1,'DAVI MANUEL ALMEIDA ASSUNÇÃO',1,'2014-09-24','VIVIANE ALMEIDA DA LUZ','OPR. DE TELEMARKETING',1,'987938095','COMERCIO','DIEGO SANTOS DE ASSUNÇÃO','SEGURANÇA','988645108','PROSSEGUR','vivyanealmeida@hotmail.com','',1,1,0,0,0,0,0,0,0,'',0,'',0,'',0,'','Mãe ou Pai','RUA JUAZEIRO','26','','CAIXA D AGUA','Salvador','40321055','BA','MARIA DE FATIMA: 34500792/ VERA LUCIA: 32362268/ DANIELA: 986394613','','2018-06-21',0,1,54),(417,'24',1,'ANA CLARA ANUNCIAÇÃO GUIMARÃES',1,'2014-09-30','TERESA CRISTINA DA ANUNCIAÇÃO SOUSA','TEC. EM ALIMENTOS',2,'987430114/992535557','CONTAX','EDOSN SANT\\\'ANNA GUIMARAES NETO','TEC EM PETROLEO E GA','988328692','','tcristina2809@gmail.com','',2,1,0,0,0,0,0,0,0,'',0,'',0,'',0,'','mãe ou avó','TRAVESSA VIRGINIA','1','','Baixa De Quintas','Salvador','41032022','BA','','','2018-06-21',0,1,54),(418,'25',1,'KAUA NEIVA REIS LIMA',1,'2015-02-11','PRISCILA NEIVA REIS','administradora',6,'387064454/34064763/4764','UNEB','SILVIO MARIO DOS SANTOS LIMA JUNIOR','SOLDADOR','992528685','','NAO TEM','',2,1,0,0,0,0,0,0,0,'',0,'',0,'',0,'','Mãe ou Pai','AVENIDA CONCEICAO','7','1 andar','CAIXA D AGUA','Salvador','40320510','BA','','','2018-06-21',0,1,54),(419,'26',1,'SOPHIA LARA PESSOA SANTOS',1,'2014-07-11','MICHELEN PESSOA DE JESUS','TEC ENFERMAGEM',6,'993456862','HOME CARE','UILTON GUEDES SANTOS','ELETRICISTA','991967907','','chelenpessoa@hotmail.com','',2,1,0,0,0,0,0,0,0,'',0,'',0,'',0,'','','RUA SAO TOME','26','avó Landina 32563286','CAIXA D AGUA','SALVADOR','40320485','BA','Em relação ao uso do medicamento deve ser por via supositória, pois a aluna vom','img_masc.jpg','2018-06-21',0,1,54),(420,'27',2,'DAVID PRAXEDES BANDEIRA',1,'2015-04-29','GESSICARLA MOURA PRAXEDES','DONA DE CASA',8,'32439424/987140564','','PAULO VIRGILIO ALVES BANDEIRA JUNIO','TEC EM ELETROMECANIC','991007000','SOVITEC DO BRASL','pbandeirajr@gmail.com','',1,1,0,0,0,0,0,0,0,'',0,'',0,'',0,'','Mãe ou Pai','RUA CORONEL FELISBERTO','24','APT 1','MACAÚBAS','Salvador','40300730','BA','','','2018-06-21',0,1,54),(421,'28',1,'LARISSA RAMOS VERISSIMO',1,'2015-02-03','VANESSA RAMOS VIEIRA DOS SANTOS','AUTONOMA',1,'90175635/981595635','','DAVI VERISSIMO DA SILVA SANTOS','GERENTE DE LOJA','984053614','LOJA DIPPY','daviverissimocabal@hotmail.com','',1,1,0,0,0,0,0,0,0,'',0,'',0,'',0,'','','RUA MANOEL MARIO DE LIMA','2','AP 402','CAIXA D AGUA','Salvador','40320290','BA','','','2018-06-21',0,1,54),(422,'29',2,'LORENA CRISTINE RODRIGUES SANTOS',1,'2014-12-16','TAISA CRISTINA RODRIGUES SANTOS','AUTONOMA',8,'31425000/996442398','','CARLOS ALBERTO DE JESUS SANTOS','ENC EM LOGISTICA','982547321/33902353','PORTO SECO PIRAJA','NAO TEM','',1,1,0,0,0,0,0,0,0,'',0,'',0,'',0,'','','RUA MARQUES DE SOUZA','25','','CAIXA D AGUA','Salvador','40321025','BA','','','2018-06-21',0,1,54),(423,'30',1,'ANA LUIZA DOS SANTOS CRUZ',1,'2014-05-18','MARILUCIA PEREIRA DOS SANTOS CRUZ','TEC EM ENFERMAGEM',2,'987199642/32360821','HGE','LUIZ CLAUDIO SOUZA CRUZ','OPE. DE SISTEMA','988387114','','NAO TEM','',2,1,0,0,0,0,0,0,0,'',0,'',0,'',0,'','','RUA LIVIA GIFFONE','83','BLOCO C APT 101 COND SOLAR DAS','SANTA TEREZA','Salvador','40265040','BA','','','2018-06-21',0,1,54),(424,'31',1,'LUIZ FELIPE CONCEIÇÃO BORGES BARRET',1,'2014-12-06','LUISE CONCEIÇÃO BORGES','ENG. AMBIENTAL',6,'987246720','','GLEBIO DIEGO LONGUINHO BARRETO','AUTONOMO','987015139','','luisecborges@gmail.com','',1,1,0,0,0,0,0,0,0,'',0,'',0,'',0,'','','RUA SALDANHA MARINHO','6','','CAIXA D AGUA','Salvador','40323010','BA','AVÓ MARITELMA: 988667816/TIO RAFAEL: 987767693','','2018-06-21',0,1,54),(425,'32',1,'ISABELLA DUARTE TOMÉ',2,'2014-08-20','JUCIMARA SILVA NUNES DUARTE','DONA DE CASA',1,'988747571','','DENILSON PEREIRA JOSE TOMÉ','AUX. CONTÁBIL','32216043/985250092','NARTEC CONTABILIDADE','denilsonpereira.ba@gmail.com','',1,1,0,0,0,0,0,0,0,'',0,'GOIABA',0,'',0,'','','RUA SALDANHA MARINHO','204','APT 102','CAIXA D AGUA','SALVADOR','40323010','BA','TIO JUCIMAR: 986517955','img_masc.jpg','2018-06-21',0,1,54),(426,'33',1,'RAYSSA VICTORIS FARIAS LONGUINHOS',1,'2015-04-24','ROQUELINE DE SOUZA FARIAS','AUX. ADMINISTRATIVO',6,'987141222/33830345','','AURINO MARTINS LONGUINHOS NETO','COMPRADOR E VENDEDOR','988892212/988396824','','NAO TEM','',2,1,0,0,0,0,0,0,0,'',0,'',0,'',0,'','Mãe ou Pai','RUA VINTE DE AGOSTO','141','','PAU MIUDO','Salvador','40310610','BA','PADRINHO ANTONIO: 987737423','','2018-06-21',0,1,54),(427,'35',1,'NOEMY VICTORIA JESUS DOS SANTOS',1,'2014-11-12','ROSE CLEIDE CARMO DE JESUS','BALCONISTA',1,'985041482','','HELIO SOUZA DOS SANTOS','PADEIRO','988342345/32445451','PADARIA PARQUE','NÃO TEM','',1,1,0,0,0,0,0,0,0,'',0,'',0,'',0,'','','RUA DIRETA MANDCHURIA','12','','CAIXA D AGUA','Salvador','40320620','BA','TIA LUCIA: 987466334/TIO VAL: 985021866','','2018-06-21',0,1,54),(428,'34',1,'MIGUEL LINO PENA',1,'0000-00-00','CARLA TEREZA PENA BISPO','CONSULTORA DE VENDAS',2,'988348694/32569478','FRUTOSDIAS','ROBERTO LINO OLIVEIRA','CONSULTOR DE VENDAS','986508489/31665589','FRUTOSDIAS','carla.pink.18@hotmail.com','',1,1,0,0,0,0,0,0,0,'',0,'',0,'',0,'','','RUA RODRIGO DE EMNEZES ','20','','CAIXA D AGUA','Salvador','40315507','BA','','','2018-06-21',0,1,54),(430,'63',1,'FELIPE AZEVEDO ANDRADE',1,'2014-03-15','ELISANGELA DE SOUSA DE AZEVEDO','TEC EM ENFERMAGEM',2,'993257695','HGE/HGESF','EDUARDO ANDRADE SILVA','TEC EM MANUTENCAO','992082315','','elisangelasaster@gmail.com','',2,1,0,0,0,0,0,0,0,'PICADA DE INSETO',0,'',0,'',0,'','','AV TELES','07','','CAIXA D AGUA','SALVADOR','40320300','BA','','','2018-06-28',0,1,54),(431,'62',1,'LIS GOMES LIMA',1,'2014-04-05','FERNANDA CAROLINE FONSECA GOMES','GESTORA DE RH',6,'993276530','LEBRE TECNOLOGIA','JOSE JANDER LIMA','EMPRESARIO','996619754','','fcgl0592@gmail.com','',2,1,0,0,0,0,0,0,0,'RINITE ALÉRICA',0,'',0,'',0,'','','RUA BENTO SABINO','9','','CAIXA D AGUA','SALVADOR','40320040','BA','','','2018-06-28',0,1,54),(432,'61',2,'SARAH AYSHA REQUIAO SACRAMENTO',2,'2013-04-15','EDIANE MARIA LOPES REQUIAO','POLICIAL MILITAR',2,'30422246/987267453','12 CPM','ANDERSON SACRAMENTO DA SILVA','CARTEIRO','986073897','CDD FREDERICO PONTES','edirequiao@hotmail.com','',2,1,0,0,0,0,0,0,0,'',0,'',0,'',0,'','','AV QUEIROZ ','27','SUBDISTRITO DA LIBERDADE','SOLEDADE','SALVADOR','40327195','BA','','','2018-06-29',0,1,54),(433,'60',2,'JOSUÉ DE JESUS NEVES',1,'2013-07-18','INDAIA ALBERGARIA DE JESUS NEVES','TEC EM ENFERMAGEM',1,'987158044','HGESF','ROBSON CONCEICAO NEVES','APOSENTADO','988765606','','NAO TEM','',2,1,0,0,0,0,0,0,0,'',0,'',0,'',0,'','','RUA SALDANHA MARINHO','139','','CAIXA D AGUA','SALVADOR','40323010','BA','','','2018-06-29',0,1,54),(434,'59',2,'MARIA LUISA MIRANDA GOMES SOUSA',2,'2013-12-05','PATRCIA MIRANDA GOMES SOUSA','GERENTE DE NEGOCIOS',6,'992526037/33886346','OI TELEMAR','AILTON DOS SANTOS SOUSA FILHO','ASS FINANCEIRO','991307699','SANTENO','patifbb@hotmail.com','',2,1,0,0,0,0,0,0,0,'',0,'',0,'',0,'','','RUA PERO VAZ','434','','PERO VAZ','SALVADOR','40335000','BA','','','2018-06-29',0,1,54),(435,'49',1,'ENZO GABRIEL CAJAZEIRA GADI',1,'2013-04-22','ESTELA MARIA SANTOS CAJAZEIRA','AUTOÔNOMA',6,'987657361','CASA','JOSÉ JAQUES GADI JUNIOR','LABORATORISTA','996472957/87422924','STS ENGENHARIA','enzogadi@gmail.com','',1,1,0,0,0,0,0,0,0,'',0,'',0,'',0,'','','RUA DR MARIO DE SOUZA DANTAS ','1','','CAIXA D AGUA','SALVADOR','40321085','BA','','','2018-08-23',0,1,54),(436,'50',1,'LEVI FERNANDES PEREIRA DOS SANTOS',1,'2013-06-17','MAISA PEREIRA DA SILVA','ASSISTENTE COMERCIAL',6,'988181709/31316012','CABULA','ELTON DO ESPIRITO SANTO SANTOS','-','-','','maisaps123@gmail.com','',2,1,0,0,0,0,0,0,0,'RINITE ALÉRICA',0,'',0,'',0,'','','RUA CONDE DE PORTO ALEGRE','26','CASA13','IAPI','SALVADOR','40330200','BA','','','2018-08-23',0,1,54),(437,'56',2,'VITOR HUGO PENHA CONCEIÇÃO',1,'2003-12-23','CLEIDIANE PENHA DOS SANTOS CONCEIÇÃ','DONA DE CASA',1,'987150250/87989869','-','DIVALMARIO DOS REIS CONCEIÇÃO','PORTEIRO','987150250','-','aurisio@yahoo.com.br','',1,1,0,0,0,0,0,0,0,'',0,'',0,'',0,'','','1 TV MARQUES DE SOUZA','436','','CAIXA D AGUA','SALVADOR','40325780','BA','','','2018-08-23',0,1,54),(438,'54',2,'ARTHUR MARTINS SENA ESQUIVEL',1,'2013-11-06','HEIDE MARTINS SENA','MICROEMPRESÁRIA',8,'988399639','IAPI','RONALDO ESQUIVEL CONCEIÇÃO','MICROEMPRESÁRIO','991604403','IAPI','heide_sena@hotmail.com','',1,1,0,0,0,0,0,0,0,'dermatite tópica e atópica, ',0,'frutos do mar e ovos',0,'',0,'','','RUA FREITAS HENRIQUE ','125','AP 101','CAIXA D AGUA','SALVADOR','40320165','BA','alergia: corante e sulfa','','2018-08-23',0,1,54),(439,'42',1,'RAFAEL ERNANI COSTA BELO',1,'2013-06-03','CAROLINA MELO COSTA','ESTUDANTE',1,'993489234','-','CARLOS ALBERTO O DOS SANTOS BELO','TEC EM REFRIGERAÇÃO','-','','normasuelyportomelo@hotmail.co','',1,1,0,0,0,0,0,0,0,'',0,'',0,'',0,'','','AV SANTIAGO','23','','CAIXA D AGUA','SALVADOR','40320360','BA','','','2018-08-23',0,1,54),(440,'41',1,'CLARA HELENA SOUZA MARQUES ALVES',2,'2013-10-23','DAVILENE SOUZA SANTOS','SERVIDORA PÚBLICA',2,'33865273/93790123','UFBA','CLAUDIONOR MARQUES ALVES','ADMINISTRADOR','34441325/86233301','SINSIQUIMICA','davilenes@ufba.br','',2,1,0,0,0,0,0,0,0,'-',0,'-',0,'',0,'SULAMÉRICA','AVO BRIGIDA 33865273','TV PAIVA ','67','ED RIO DANUBIO APT 204','CAIXA D AGUA','SALVADOR','40321100','BA','TRAB MAE. 32836134 ','img_fem.jpg','2018-08-24',0,1,54),(441,'40',1,'BRUNO CUNHA LASSE',1,'2013-06-24','TATIANE BRITO CUNHA','PROFESSORA',2,'986993343','ESCOLA C. AD. ADONAI','ITAMAR MENEZES LASSE','AUTÔNOMO','988219821','COMÉRCIO','taticunha@hotmail.com','',1,1,0,0,0,0,0,0,0,'CASTANHA',0,'CASTANHA',0,'',0,'','','RUA DA MANDCHÚRIA','16','1 ANDAR','CAIXA D AGUA','SALVADOR','40320570','BA','TRAB MAE: 32562037','','2018-08-24',0,1,54),(442,'58',2,'DAVI SOBREIRA ALMEIDA',1,'2012-12-17','JAQUELINE BERGEM SOBREIRA','AUXILIAR ADMINISTRATIVO',6,'33323165/85548120','CLINICA SEM DOR','BRUNO DE SANTANA ALMEIDA','COMERCIARIO','993322492','AGUA DE MENINOS','aurisio@yahoo.com.br','',2,1,0,0,0,0,0,0,0,'POEIRA',0,'',0,'',0,'','','RUA JOSE MARIZ PINTO','30','','ESTRADA DA RAINHA','SALVADOR','40460140','BA','','','2018-08-24',0,1,54),(443,'57',2,'MARIA LUIZA BITENCOURT CONCEIÇÃO',2,'2014-01-19','LUCIANA BITENCOURT CONCEIÇÃO','OPERADORA DE CAIXA',6,'325691589/85341201','FARMACIA SANTANA','LEONARDO DA PAIXAO CONCEIÇÃO','VENDEDOR','987643988','BAINÃO MOVEIS','leonardopaixao30@outlook,com','',1,1,0,0,0,0,0,0,0,'',0,'',0,'',0,'','','TV SANTO ANTONIO','04','','IAPI','SALVADOR','40323775','BA','','','2018-08-24',0,1,54),(444,'39',1,'MIGUEL DE JESU BARBOSA',1,'2013-10-23','JAQUELINE DE JESUS BARBOSA SANTOS','DONA DE CASA',6,'33274452/88144013','','UELTON BARBOSA SANTOS','ELETRICISTA','988653323','EQS ENGENHARIA','uelton-santos31@gmail.com','',2,1,0,0,0,0,0,0,0,'',0,'',0,'',0,'','','3 TV DA MANDHURIA','39','','CAIXA D AGUA','SALVADOR','40320630','BA','TIA DARCY: 986017523','img_masc.jpg','2018-09-17',0,1,54),(446,'38',1,'ANDREY VINICIUS FERREIRA DOS SANTOS',1,'2014-01-11','ANGELA SANTOS FERREIRA','AUTÔNOMA',2,'987861722','','VALMIR PEREIRA DOS SANTOS','-','99451223','','','',1,1,0,0,0,0,0,0,0,'',0,'',0,'',0,'','','RUA PROF SOEIRO','3A','','PAU MIUDO','SALVADOR','40310300','BA','','','2018-09-17',0,1,54),(447,'37',1,'NICOLE SOUZA DOS SANTOS DE JESUS',2,'2014-03-08','ENILDA SOUZA DOS SANTOS','DONA DE CASA',8,'71991121313','','RENILDO CARMO DE JESUS','AUXILIAR DE PRODUÇÃO','987131030','LIBERDADE','','',2,1,0,0,0,0,0,0,0,'',0,'',0,'',0,'','','1 TV DA MANDCHURIA','4','','CAIXA D AGUA','SALVADOR','40323085','BA',' TIA MARIA : 99600297','img_fem.jpg','2018-09-17',0,1,54),(448,'36',1,'CLARA LUIZA DIONISIO PAPALIA',2,'2013-12-27','ANA CRISTINA DOS SANTOS DIONISIO','PROFESSORA',6,'32440691/91126587','LIDERANÇA SERVIÇOS ','JULIO CESAR DI VICENZO PAPALIA','ADVOGADO','-','SÃO PAULO','girlfriend22@hotmail.com','',2,1,0,0,0,0,0,0,0,'CHOCOLATE, POEIRA E MORFO',0,'CHOCOLATE',0,'',0,'','','RUA MARQUES DE MARICÁ','206','','PAU MIUDO','SALVADOR','40310000','BA','','','2018-09-19',0,1,54),(449,'53',1,'BENJAMIM SILVA MAIA',1,'2013-07-23','DANIELE SILVA MENEZES','PSICÓLOGA',1,'999836698','CRAS','BRUNO EDUARDO PINTO MAIA','EDUCADOR SOCIAL','997243131','PMS','aurisio@yahoo.com.br','',2,1,0,0,0,0,0,0,0,'DIPIRONA',0,'',0,'',0,'','','R ANIBAL VIANNA SAMPAIO','384','APT 101','IAPI','SALVADOR','40330410','BA','TRAB MAE : 34331851 / AVÔ RUBENS: 36161000','img_masc.jpg','2018-09-19',0,1,54),(480,'68',1,'MARCELLE SANTOS CONCEIÇÃO',2,'2012-05-06','MÔNICA BARBOSA DOS SANTOS','-',8,'988396917','-','MARCIO SANTOS CONCEIÇÃO','MECANICO','987757532','MECANICO','','',2,1,0,0,0,0,0,0,0,'',0,'',0,'',0,'','','RUA MANOEL DRUMOND','37','','CAIXA D AGUA','SALVADOR','40320280','BA','MADRINHA ANDREIA: 988396917','img_fem.jpg','2018-10-08',0,1,54),(450,'52',1,'BENICIO FEREIRA MURICY',1,'2014-03-11','FERNANDA FERREIRA MURICY','ASSIT. ADMINISTRATIVO',1,'991106698 33886894','SESI- LUCAIA','FABIO DA SILVA MURICY','COORD. DE LOGÍSTICA','99654992','AMMA CHOCOLATES','fernanda-of@tahoo.com.br','',2,1,0,0,0,0,0,0,0,'RINITE ALÉRICA',0,'',0,'',0,'','','RUA PEDRO IVO','19','','CAIXA D AGUA','SALVADOR','40320010','BA','TRAB ME: 38795319 / AVÓ DEISE: 993785424 / AVÔ EDNALDO: 993451917 ','','2018-09-19',0,1,54),(451,'51',2,'CAIO HENRIQUE LEITE DE CARVALHO',1,'2013-10-14','ACELINA MÉRSIA RIOS LEITE CARVALHO','PROF/ NUTRICIONISTA',6,'992067692 987109093','ESCOLA PARQUE','PABLO HENRIQUE NUNES DE CARVALHO','ADMINISTRADOR','988868393','ELINQ CAMAÇARI','acelianleite@gmail.,com','',2,2,0,0,0,0,0,0,0,'GENTAMICINA',0,'',0,'',0,'','','RUA RODOVIA A ','1528','3 ANDAR','BOA VISTA DE S CAETANO','SALVADOR','40385645','BA','CASA: 32595528','img_masc.jpg','2018-09-19',0,1,54),(452,'48',2,'ARTHUR ARAUJO SILVA',1,'2014-04-27','CARINE TEIXEIRA ARAUJO SILVA','TEC ENFERMAGEM',6,'85242584 ','LABORATORIO LEME','PAULO JORGE REIS DA SILVA','-','-','FAR. DO TRABALHADOR','carinetaraujo@gmail.com','H. DA CIDADE',1,2,0,0,0,0,0,0,0,'RINITE ALÉRICA',0,'-',0,'-',0,'SAUDE CASSEB','LEVAR AO HOSPITAL PARTICULAR','RUA FREITAS HENRIQUE DE CIMA','75','','CAIXA D AGUA','SALVADOR','40320150','BA','TRAB MAE:  32672177 NOEMIA (988966403)','img_masc.jpg','2018-09-19',0,1,54),(453,'47',1,'BENTO TAVARES VIANA',1,'2013-09-18','LUCIANA DOS SANTOS TAVARES','PROFESSORA',2,'71991121313','-','LEANDRO DOS SANTOS VIANA','COMERCIARIO','-','','aurisio@yahoo.com.br','',1,1,0,0,0,0,0,0,0,'POEIRA',0,'',0,'',0,'','','RUA SALDANHA MARINHO','122','','CAIXA D AGUA','SALVADOR','40323010','BA','','','2018-09-19',0,1,54),(454,'46',2,'CLARA FRUTUOSO DE OLIVEIRA',2,'2013-07-28','DAYSE OLIVEIRA FRUTUOSO DE OLIVEIRA','AUX DE CLASSE',6,'985304472','ESCOLA FILADÉLFIA','MARCELO BRITO DE OLIVEIRA','SEGURANÇA','992892150','-','','',1,1,0,0,0,0,0,0,0,'',0,'',0,'',0,'','','RUA HAVAI','35','','CAIXA D AGUA','SALVADOR','40320540','BA','','','2018-09-19',0,1,54),(455,'45',2,'RYAN MESSIAS BORGES DE NOVAIS',1,'2015-10-02','EDENI BORGES DE NOVAIS','DONA DE CASA',6,'987716344','-','-','-','-','-','','',2,1,0,0,0,0,0,0,0,'',0,'',0,'',0,'','','RUA MADURERIRA DE PINHO','70','','CAIXA D AGUA','SALVADOR','40323080','BA','','','2018-09-25',0,1,54),(456,'44',2,'LUAN GABRIEL CERQUEIRA BISPO',1,'2014-01-16','DANIELLE SANTOS CERQUEIRA','RECEPCIONISTA',6,'987756100','ACADEMIA YES','CASSIO HENRIQUE BISPO','TEC EM APEREL. DE SE','988734634','MD/DRA SYSTEM','daniellencerqueira@hotmail.com','',1,1,0,0,0,0,0,0,0,'',0,'',0,'',0,'','','RUA VALDIR PIRES','12','','IAPI','SALVADOR','40330220','BA','','','2018-09-25',0,1,54),(457,'43',1,'ITALO NATIVIDADE DE OLIVEIRA TELES',1,'2013-09-08','JAQUELINE NATIVIDADE DE OLIVEIRA','GERENTE COMERCIAL',6,'32444875/99241907','LOJA SALES','ORLANDO TELES DE JESUS','EMPRESÁRIO','987454766','LOJÃO BOA VISTA','jaque_nativa@hotmail.com','',1,1,0,0,0,0,0,0,0,'RINITE ALÉRICA',0,'',0,'',0,'','','RUA MARQUÊS DE MARICA','171','9','PAU MIUDO','SALVADOR','40320846','BA','','','2018-09-25',0,1,54),(458,'64',2,'JUAN GUILHERME SANTOS CONCEIÇÃO',1,'2013-01-28','ESTELA DA CRUZ SANTOS','RECEPCIONISTA',1,'34823132/88437103','DERMATOCLIN','FABIO DE SOUZA CONCEIÇÃO','TEC EM RADIOLOGIA','992692622','VITAL','fsouza85@gmail.com','',1,1,0,0,0,0,0,0,0,'POEIRA, PÊLOS E SUOR',0,'',0,'',0,'','','RUA FREITAS HENRIQUE DE CIMA','25 F','2 TV DO PARAISO','CAIXA D AGUA','SALVADOR','40320150','BA','','','2018-09-25',0,1,54),(459,'90',2,'BRENO SILVA CALAZANS',1,'2013-07-08','LEONISIA REGINA SILVA E SILVA','',9,'-33889418','-','BRUNO QUEIROS CALAZANS','-MOTORISTA','-988491069','-','ritacalazans@oi.com.br','',1,2,0,0,0,0,0,0,0,'-',0,'-',0,'-',0,'HAPVIDA','LEVAR AO HOSPITAL PARTICULAR','RUA FLORISVALDO SILVA','57','','IAPI','SALVADOR','40320240','BA','RITA OU LIDIA 98532-1660 / ANNE: 98869-7964','img_masc.jpg','2018-09-26',0,1,54),(460,'89',2,'ELISAMA SILVA DOS SANTOS',2,'2012-10-11','IVANA FACTUM SILVA DOS SANTOS','AUTÔNOMA',2,'986982831','-','CRISTINIANO DAS NEVES DOS SANTOS','AUTÔNOMO','988563755','-','','',2,1,0,0,0,0,0,0,0,'',0,'',0,'',0,'','','AVENIDA TELES','18','','CAIXA D AGUA','SALVADOR','40320300','BA','CASA: 32584543','img_fem.jpg','2018-09-26',0,1,54),(461,'88',2,'JULIA BEATRIZ DOS REIS SILVA PEREIRA',2,'2012-10-10','JAMILE DOS REIS SILVA PEREIRA','TEC EM ENFERMAGEM',6,'981044941','-','JAILTON DA CRUZ PEREIRA','ATENDENTE COMERCIAL','991167627','AMEV - VETERINARIA','jreisly@gmail.com','',2,1,0,0,0,0,0,0,0,'',0,'NÃO PODE TOMAR GELADO !!!',0,'',0,'','','LADEIRA DO PAIVA','105','','CAIXA D AGUA','SALVADOR','40323050','BA','','','2018-09-26',0,1,54),(462,'87',1,'MARIA EDUARDA DE ARAUJO BASTOS',2,'2012-10-15','VALCILENE SANTOS DE ARAUJO','SECRETÁRIA',2,'33864892/986456079','SENAC','JOSE RICARDO CERQUEIRA BASTOS','SUPER. DE TRANSPORTE','986837492/996781228','MPJ TRANSPORTES','valcilene.araujo@gmail.com','',2,1,0,0,0,0,0,0,0,'MUDANÇA DE TEMPO',0,'',0,'',0,'','','RUA SALDANHA MATINHO','206E','','CAIXA D AGUA','SALVADOR','40323010','BA','','img_fem.jpg','2018-09-26',0,1,54),(463,'86',2,'JULIANA SANTOS CRUZ',2,'2013-02-13','MANUELA JESUS DOS SANTOS','OPER. DE TELEMARKETING',6,'32580030/  987163806','ATENTO DO BRASIL','MARCOS DA CRUZ SANTOS','RELAÇÕES JURÍDICAS','991018233','-','','',2,1,0,0,0,0,0,0,0,'',0,'',0,'',0,'','','RUA 4 DE SETEMBRO','1','APT 301','PAU MIUDO','SALVADOR','40310050','BA','986423852 ','','2018-09-26',0,1,54),(464,'85',1,'AGATHA SOFIA DAMASCENO DA SILVA SANTOS',2,'2012-06-29','ALEXSANDRA DAMASCENO DOS SANTOS','PROM. DE VENDAS',6,'32446598/88371756','BIO EXTRATUS','JAIMISSON DA SILVA SANTOS','ENCANADOR','986595806','EMBASA','','',2,1,0,0,0,0,0,0,0,'',0,'',0,'',0,'','','ESTR. DA MANDCHURIA','77','','CAIXA D AGUA','SALVADOR','40323085','BA','TRAB MÃE: 82278441','','2018-09-28',0,1,54),(465,'84',1,'PAULO CESAR NEIVA FERREIRA LEAL',1,'2013-01-13','PATRICIA NEIVA FERREIRA LEAL','CAIXA',6,'33817371','SHOPPING BARRA','PAULO CESAR DA SILVA','TEC. MEIO AMB E SEG.','987447341','HOSPITAIS','paulocleal13@gmail.com','',1,1,0,0,0,0,0,0,0,'PICADA DE INSETO',0,'CAMARAO E ALGUNS FRUTOS DO MAR',0,'',0,'','','RUA DESEMBARGADOR JULIO DE BRITO','17','','BAIXA DE QUINTAS','SALVADOR','40300160','BA','','','2018-09-28',0,1,54),(466,'83',1,'JULIA QUEIROS GOMES',2,'2013-01-16','NATHÁLIA QUEIROS PAIVA','-',6,'32438092/91059221','-','EVERSON SANTOS GOMES','-','-','-','nathalia.quirosp@gmail.com','',2,1,0,0,0,0,0,0,0,'RINITE ALÉRGICA',0,'',0,'AUTISMO',0,'','','TV DA SOLEDADE','8','','LIBERDADE','SALVADOR','40327615','BA','','','2018-09-28',0,1,54),(467,'82',2,'DAVY ANDRADE SANTOS',1,'2012-10-29','VANESSA DOUSA DE ANDRADE','OPER. DE TELEMARKETING',2,'986478377','CABULA','JULIELTON DA SILVA SANTOS','VARREDOR','986698616','AV ACM','','',2,1,0,0,0,0,0,0,0,'',0,'',0,'',0,'','','RUA VALDIR PIRES','14','','IAPI','SALVDOR','40330220','AC','AVÓ MARIA HELENA: 988297806','','2018-09-28',0,1,54),(468,'81',1,'PEDRO EMANUEL CACHOEIRA BORGES',1,'2013-04-01','LORENA CACHOEIRA SANTOS','CALL CENTER',6,'987213037','BOA VIAGEM','JOSEVALDO BORGES PEREIRA','APOSENTADO','-','-','-','',1,1,0,0,0,0,0,0,0,'',0,'',0,'',0,'','','RUA 1 MANDCHURIA','45','','CAIXA D AGUA','SALVADOR','40320630','BA','TIA: 988589393','','2018-10-01',0,1,54),(469,'80',1,'ENZO HENRIQUE ALVES SANTOS',1,'2012-12-11','TAIS SANTOS ALVES SILVA','-',7,'986387249','-','CLBER DOS SANTOS SANTOS','PORTEIRO','992099035/85451271','ED BAIA DOURADA','clebersantos34@gmail.com','',2,1,0,0,0,0,0,0,0,'',0,'',0,'',0,'','','PRIMEIRA TVF MARQUES DE SOUZA','4','','CAIXA D AGUA','SALVADOR','40321025','BA','AVÓ TEREZINHA:986942547','','2018-10-01',0,1,54),(470,'79',1,'MARIA EDUARDA VIOTÓRIA FRANÇA DA CONCEIÇ',2,'2012-08-21','LUCIDALVA DILVA DE FRANÇA','COZINHEIRA',6,'987847744','REST. JAIME FILHO','RAFAEL CORREIA DA CONCEIÇÃO','COMERCIÁRIO','988026968','-','','',2,1,0,0,0,0,0,0,0,'',0,'',0,'HIDROCEFALIA',0,'','','AVENIDA SAIONARA','134','','IAPI','SALVADOR','40330275','BA','SADRA CORREIA: 987478599','','2018-10-01',0,1,54),(471,'78',1,'MARILON ROSÁRIO MELO JUNIOR',1,'2012-05-08','ALEXANDRA','ATENDENTE',6,'987365662','-','MARILON ROSARIO MELO','VENDEDOR','981229721','-','','',2,1,0,0,0,0,0,0,0,'RINITE ALÉRICA',0,'SUCO DE MARACUJÁ E ABACAXI',0,'',0,'','','JOANA DARC','10','','CAIXA D AGUA','SALVADOR','40320650','BA','','','2018-10-01',0,1,54),(472,'77',1,'ALICE ALIYA NERY DE OLIVEIRA',1,'2013-04-27','LUANA DE OLIVEIRA NERY','RECEPECIONISTA',2,'985535816/87669162','-','RAIMUNDA SOUSA DE OLIVEIRA JUNIOR','VIGILANTE','985535816/987669162','MJR - SERVIÇO DE SEG','','',2,1,0,0,0,0,0,0,0,'',0,'',0,'',0,'','','TV 2ª MANDCHURIA','65/6','','CAIXA D AGUA','SALVADOR','40320185','BA','TIA JOICE: 985171524','','2018-10-01',0,1,54),(473,'76',2,'ALAN WESLEY',1,'2012-12-13','ILZA CARLA BISPO','COPEIRA',7,'987427986','-','ALAN MARTINS DA GUIA','SEGURANÇA','986331603','-','','',2,1,0,0,0,0,0,0,0,'',0,'',0,'',0,'','','RUA MANOEL DRUMOND','80','','CAIXA D AGUA','SALVADOR','40320670','BA','ISABEL: 988545707','','2018-10-01',0,1,54),(474,'75',1,'MARIA EDUARDA CAR. LARANJEIRA DOS SANTOS',2,'2013-01-06','SUYLAN CRVALHO LARANJEIRA DA FONSEC','AGENTE DE EDUCAÇÃO',6,'991057486','ESCOLA MUNICIAL CIDA','RODRIGO ALVES DOS SANTOS','-','987180510','-','suylancarvalho@hotmail.com','',1,1,0,0,0,0,0,0,0,'RINITE ALÉRGICA',0,'doces, achoc.l, carne de porco',0,'',0,'','','RUA EDGAR REIS NAVARRO','2','AP302','MATATU','SALVADOR','40225280','BA','VÓ LUCIA: 91628911/ VÔ JOSE: 86174768 / ANTO. MARCOS PADRAST; 93127283 ','','2018-10-01',0,1,54),(475,'74',1,'EMANUELLE ROCHA DA CRUZ',2,'2012-05-17','JOSENILDA PEREIRA ROCHA','TEC EM ENFERMAGEM',6,'987476572/986334274','HOSPITAL ANA NERY','EDUARDO BARBOSA DA CRUZ','TEC EM ENFERMAGEM ','992140166/999160336','HOS. PORT. E SÃO RAF','barbosaeduardo338@gmail.com','',2,1,0,0,0,0,0,0,0,'',0,'REFRIGERANTE',0,'',0,'','','RUA FREITAS HENRIQUE ','16','','CAIXA D AGUA','SALVADOR','40320165','BA','','','2018-10-01',0,1,54),(476,'72',1,'RIAN VITOR SANTANA ALEIXO',1,'2012-08-18','ROSIANE DIAS SANTANA','GERENTE DE FARMACIA',6,'987890586','FARMACIA LEMOS','TIAGO CARVALHO DO BOMFIM ALEIXO','AUTÔNOMO','988256455','-','','',2,1,0,0,0,0,0,0,0,'',0,'',0,'',0,'','','RUA TEODOMIRO DE QUEIRO','41','','MACAÚBAS','SALVADOR','40300520','BA','','','2018-10-03',0,1,54),(477,'71',1,'ENZO MONTEIRO SANTANA',1,'2012-10-12','ADRIANA SILVA MONTEIRO','DONA DE CASA',6,'32336060/988044394','-','AILTON SANTOS SANTANA','AUXILIAR DE PRODUÇÃO','987653796','LATAPAK','adrianamonteiro546@gmail.com','',1,1,0,0,0,0,0,0,0,'',0,'',0,'',0,'','','RUA RODRIGO DE MENEZES','17','','PAU MIUDO','SALVADOR','40315507','BA','','','2018-10-03',0,1,54),(478,'70',1,'YAN MATHEUS ALVES FERREIRA SANTOS',1,'2012-11-20','JESSIKA SUELY DOS SANTOS ALVES','OPERADORA DE TELEMARKETING',6,'988496754','-','IGOR FERREIRA SANTOS','TEC EM ANALISES CLIN','988793600','HOSP SAO RAFAEL','igor.social@hotmail.com','',1,1,0,0,0,0,0,0,0,'',0,'',0,'',0,'','','RUA FLOR GOMES','48E','LADEIRA DO PAIVA','CAIXA D AGUA','SALVADOR','40320760','BA','AVO ILDA: 31614787/985113229 / AVÓ CELESTE: 987594099 / AVÓ OSMAR: 987595725','img_masc.jpg','2018-10-03',0,1,54),(479,'69',1,'ANA SOFIA ALMEIDA MARINHO HOLANDA',2,'2012-09-08','JULIANA ALMEIDA DOS SANTOS','FISIOTERAPEUTA',6,'30230712/992279151','-','JOÃO PAULO MARINHO HOLANDA','ADMI','(85) 996258892','-','','',1,1,0,0,0,0,0,0,0,'',0,'',0,'',0,'','','TRAVESSA DO PAIVA','25','','CAIXA D AGUA','SALVADOR','40320710','BA','O PAI RESIDE EM FORTALEZA-CE','img_fem.jpg','2018-10-03',0,1,54),(481,'67',2,'ITALO GEISAN SANTOS DA PAIXAO JUNIOR',1,'2012-07-18','MARILENE GONÇALVES DE JESUS','-',6,'991513622','-','ITALO GEISAN SANTS DA PAIXAO','-','986377134','-','-','-',1,1,0,0,0,0,0,0,0,'-',0,'-',0,'-',0,'','AVÓ PATERNA','RUA AURELIO RODRIGUES DA SILVA','9','-','CAIXA D AGUA','SALVADOR','40320050','BA','','','2018-10-29',0,1,54),(482,'66',1,'GUSTAVO OLIVEIRA DOS SANTOS',1,'2013-03-08','FLAVIA ROSA OLIVEIRA DOS SANTOS','SUPERVISORA DE VENDAS',6,'32332352/ 988886441','LIQ','MARCELO DOMINGOS COSTA DOS SANTOS','ASSISTENTE DE LOGÍST','988488309','GUINDASTE BRASIL','flaviarosa24@hotmail.com','',1,1,0,0,0,0,0,0,0,'PICADA DE INSETOS',0,'-',0,'-',0,'','','AV SORIANO','7','-','CAIXA D AGUA','SALVADOR','40320445','BA','','','2018-10-29',0,1,54),(483,'65',1,'MARIA EDUARDA ALVES DE JESUS SANTANA',2,'2012-11-28','FRANCINE ALVES DE JESUS SANTANA','PROFESSORA',9,'336037410/ 999038411','-','WILLIAM SANTANA JORGE','CONFERENTE','999367158','ATACADÃO','fracinehistoriaruanda@bol.com.','',2,1,0,0,0,0,0,0,0,'POEIRA',0,'-',0,'-',0,'','-','RUA MARQUÊS DE MARICÁ','86','AP 201','PAU MIUDO','SALVADOR','40310000','BA','','','2018-10-29',0,1,54),(485,'123',1,'LAURA MACHADO BRANDÃO SANTOS',2,'2011-10-09','TABITA SANTOS MACHADO','VENDEDORA',6,'987035708','COMÉRCIO','LEANDRO BRANDÃO SANTOS','DESENHISTA','988894951','RIO VERMELHO','lereles@hotmail.com','',2,1,0,0,0,0,0,0,0,'-',0,'-',0,'-',0,'','','AV JOANA ANGÉLICA','705','EDF. INDEPENDENCIA','APT 201','SALVADOR','40050001','BA','TRAB MÃE: 30152395 / TRAB PAI: 32487716','','2018-10-31',0,1,54),(486,'122',1,'JULIA OLIVEIRA DOS ANJOS PEREIRA',2,'2011-08-03','TATIANE OLIVEIRA DOS ANJOS','-',2,'986486124','-','ALESSANDRO DA SILVA PEREIRA','AUTÔNOMO','986096580','-','ale.pereira2016@hotmail.com','',2,1,0,0,0,0,0,0,0,'-',0,'-',0,'-',0,'','-','RUA MANOEL INÁCIO DA COSTA','38','-','CAIXA D AGUA','SALVADOR','40320030','BA','','','2018-10-31',0,1,54),(487,'121',1,'PEDRO GUSTAVO SILVA VERGNE GOMES',1,'2012-02-21','PAULA SILVA SANTOS','ENFERMEIRA',6,'992054856','UPA SAN MARTIN','DANILO GUSTAVO VERGNE GOMES','ATLETA','991470216','-','enfermeirapaulasantos2010@hotm','',2,1,0,0,0,0,0,0,0,'-',0,'-',0,'-',0,'','','RUA VITOR SERRA','25','','PERO VAZ','SALVADOR','40340290','BA','AVÓ RITA: 985547311/33889935 / TIO RODRIGO: 986029856 / TIA NILZA: 987784454','','2018-11-01',0,1,54),(488,'120',1,'ADRIAN CONCEIÇÃO SIMÕES SANTOS',1,'2012-02-05','LÉLIA DA PAIXÃO CONCEIÇÃO','TEC EM ENFERMAGEM',6,'991876021/981477974','HOSPITAL ANA NERY','ADILSON SIMÕES SANTOS','-','985186826','-','lelia-paixao@hotmail.com','',1,1,0,0,0,0,0,0,0,'-',0,'-',0,'-',0,'','','ESTR VELHA DO AEROPORTO','9995','RES. RECANTO DOS PÁSSAROS','NOVA BRASILIA','SALVADOR','41387430','BA','CASA: 33869327/33862380','cebaf.jpg','2018-11-01',0,1,54),(489,'119',1,'JOÃO LUCAS ALMEIDA MARINHO HOLANDA',1,'2010-06-03','JULIANA ALMEIDA DOS SANTOS','FISIOTERAPEUTA',6,'30230712/992279151','-','JOÃO PAULO MARINHO HOLANDA','ADMINISTRADOR','85996258892','-','jualmeida@hotmail.com','',1,1,0,0,0,0,0,0,0,'-',0,'-',0,'TDAH',0,'','-','TV DO PAIVA','25','-','CAIXA D AGUA','SALVADOR','40320710','BA','AVÓ ELIANA: 30230712  - O PAI MORA EM FORTALEZA-CE','img_masc.jpg','2018-11-05',0,1,54),(490,'118',2,'RAFAEL CARVALHO LIMA CONCEIÇÃO',1,'2011-08-23','ANA CLÁUDIA OLIVEIRA CARVALHO','TEC EM ENFERMAGEM',6,'987627423','-','NIVALDO LIMA CONCEIÇÃO','MICRO EMPRESÁRIO','988362812','BOX DA ÁGUA DE MENIN','','',2,1,0,0,0,0,0,0,0,'POEIRA',0,'-',0,'CRISES CONVULSIVAS',0,'','-','RUA 24 DE MAIO','51','FREITAS HENRIQUE DE BAIXO','CAIXA D AGUA','SALVADOR','40320270','BA','','','2018-11-05',0,0,54),(491,'124',2,'JOÃO MIGUEL NASCIMENTO DOS SANTOS',1,'2016-08-03','DANUSA DA SILVA NASCIMENTO','OPERADORA DE CAIXA',8,'992288930','MERCADINHO TUDO TEM','JUSSIVALDO SILVA DOS SANTOS','EMPRESÁRIO','985098647','MERCADINHO TUDO TEM','jldvaridades33@hotmail.com','',1,1,0,0,0,0,0,0,0,'PICADA DE ISETO - MORISOCA',0,'-',0,'-',0,'','','RUA RAUL LEITE,  AP 401','1470','','VILA LAURA','SALVADOR','40270010','BA','AVÓ LURDES: 32569044 / TIA PRISCILA: 991117283','','2018-11-06',0,1,54),(492,'117',1,'YAGO CESAR DE OLIVEIRA MOURA NUNES',1,'2011-09-24','MANUELA DE OLIVEIRA MOURA','COSTUREIRA',5,'987005425','EM CASA','VALTER ALMEIDA NUNES','VIGILANTE','986758497','UFBA','','POSTO DE SAÚDE',1,1,0,0,0,0,0,0,0,'-',0,'-',0,'AUTISTA',0,'','LEVAR AO SUS','RUA JOSÉ MARIZ PINTO','65','','CAIXA D AGUA','SALVADOR','40300180','BA','','','2018-11-06',0,1,54),(493,'116',2,'SOPHIA DE ALMEIDA SANTOS SILVA',2,'2011-10-05','JÉSSICA DE ALMEIDA SANTOS SILVA','AUX DE CLASSE',6,'988712745','CEBAF','RAIMUNDO BONFIM DA SILVA JÚNIOR','ASG DE COZINHA','985459908','CONTINENTAL - GR','','DO HAPVIDA',2,1,0,0,0,0,0,0,0,'-',0,'-',0,'-',0,'','LEVAR AO HAPVIDA','RUA BRAULIO PEREIRA','6','','CURUZU','SALVADOR','40365510','BA','','','2018-11-06',0,1,54),(494,'114',2,'LETICIA NERI GALIZA CERQUEIRA',2,'2011-10-19','GLEICE NERI SANTOS','ESTUDANTE',2,'987175809','-','MAGNO UELBER GALIZA CERQUEIRA','SUPERVISOR OPERAIONA','993129709/987225330','MERCADO DO RIO VERME','glein_12hotmail.com','',1,1,0,0,0,0,0,0,0,'AMOXILINA E RINITE ALÉRGICA',0,'-',0,'-',0,'','-','RUA JUAZEIRO','98','','CAIXA D AGUA','SALVADOR','40321055','BA','AVÓ: 986024958','img_fem.jpg','2018-11-06',0,1,54),(495,'113',1,'LUKAS DANILO COSTA LIMA',1,'2011-11-18','IASMINY SANTOS COSTA LIMA','MANICURE E PROFESSORA',6,'988451997','-','DANIEL DE ARAÚJO LIMA','TEC EM INFORMÁTICA','387588856','AUTÔNOMO','','',1,1,0,0,0,0,0,0,0,'PICADA DE INSETOS',0,'PROTEÍNAS',0,'-',0,'','LEVAR AO HOSPITAL PARTICULAR','RUA MANOEL DRUMOND','98','','CAXA D AGUA','SALVADOR','40320670','BA','','','2018-11-06',0,1,54),(496,'112',1,'RICKY RAFAEL RIBEIRO CARDOSO',1,'2011-06-29','VERA LÚCIA RIBEIRO CARDOSO','TEC EM ENFERMAGEM',2,'987422927','-','RICARDO SOUZA CARDOSO','ENG DE PRODUÇÃO','987144888','AUTÔNOMO','vera.clp19@hotmail.com','POSTO DE SAÚDE',2,1,0,0,0,0,0,0,0,'FORMIGA',0,'DERIVADOS DO LEITE',0,'-',0,'','AVÓ OU TIA','RUA MANUEL INÁCIO DA COSTA','13','','CAIXA D AGUA','SALVADOR','40320030','BA','AVÓ ELIANA 988188091 / TIA  MARIA 988899032','h\\\\cebaf.jpg','2018-11-07',0,1,54),(499,'125',1,'LAURA SOUZA ALVES',2,'2008-11-05','ANA PAULA DE SOUZA SILVA','TELEFONISTA',6,'996623710','PREFEITURA','JORGE LUIS SANTOS ALVES','COMERCIANTE','999231385','-','','PARTICULAR',2,1,0,0,0,0,0,0,0,'CIPROFLOXINA',0,'-',0,'-',0,'','LEVAR AO HAPVIDA','RUA PEDRO IVO','55','','CAIXA D AGUA','SALVADOR','40320010','BA','AVÓ ELY:34330630 / TRAB MÃE: 986301050','','2018-11-14',0,1,54),(500,'126',1,'BENJAMIM SILVA MAIS',1,'2013-07-23','DANIELE SILVA DE MENEZES','PSICÓLOGA',9,'30127192/999836698','CRAS/SEMPS/PMS','BRUNO EDUARDO PINTO MAIA','EDUCADOR SOCIAL','997243131','PMS','','TEREZA DE LISIEUX',2,1,0,0,0,0,0,0,0,'DIPIRONA',0,'-',0,'-',0,'','LEVAR AO HOSPITAL DO CONVÊNIO','RUA ANNIBAL VIANNA SAMPAIO','384','AP 101','IAPI','SALVADOR','40330410','BA','AVÓ RUBENS : 36161000','','2018-11-14',0,1,54),(501,'127',1,'ARTHUR SOUZA MOREIRA',1,'2015-04-18','AMABLIM SILVA SOUZA','COPEIRA DIETISTA',6,'985030313 ','GARIIBALDI','EDMILSON SANTOS SOARES','ENCANADOR','-','-','-','-',1,1,0,0,0,0,0,0,0,'MAASSINHA DE MODELAR',0,'-',0,'-',0,'','LEVAR AO SUS','RUA HERMíNIO DE ANDRADE','53','','PAU MIúDO','SALVADOR','40315385','BA','VIZINHA ROSE: 33892281','','2018-12-04',0,1,54),(502,'128',1,'JOÃO GILERTO BARBOSA LIMA',1,'2013-02-13','MARILDA SENA BARBOSA','VENDEDORA',9,'987865914/33860559','RESIDENCIA','GILBERTO PINTO LIMA','POLICIAL CIVIL','988573302','DREOF','-','DO H. SANTA ISABEL OU H. CIDAD',2,1,0,0,0,0,0,0,0,'RINITE ALÉRGICA',0,'-',0,'-',0,'','-','RUA JUAZEIRO','73','','CAIXA D\\\'ÁGUA','SALVADOR','40321055','BA','TIA BIA : 3386-5052','','2018-12-04',0,1,54),(503,'129',2,'JULIANA SANTOS CRUZ',2,'2013-02-13','MANUELA JESUS DOS SANTOS','OPER. DE TELEMARKETING',6,'30338233 /387163806','ATENTO BRASIL','MARCOS DA CRUZ SANTOS','RELAÇÕES PÚBLICAS','991018233/988044556','CRIVO ','msnuelajesus7@gmail.com','DO HAPVIDA',2,1,0,0,0,0,0,0,0,'-',0,'-',0,'-',0,'','','RUA 4 DE SETEMBRO','1','','PAU MIúDO','SALVADOR','40310050','BA','TIA MIRIAM: 33861140','','2018-12-05',0,1,54),(504,'130',1,'FILIPE BARBOSA DOS SANTOS',1,'2010-07-12','RITA DE CÁSSIA BARBOSA DOS SANTOS','TEC EM PRODUÇÃO',6,'985021872','RIO VERMELHO','OSVALDO PEREIRA DOS SANTOS FILHO','APOSENTADO','987877702','-','-','DO HAPVIDA',2,1,0,0,0,0,0,0,0,'-',0,'INTOLERANCIA A LACTOSE',0,'-',0,'','','2ª AVENIDA MANDCHúRIA','49','','CAIXA D\\\'ÁGUA','SALVADOR','40320155','BA','','','2018-12-06',0,1,54),(505,'132',1,'MARIA LUISA LEÃO DOS SANTOS PORTUGAL',2,'2009-11-16','ALEXSANDRA DA SILVA DOS SANTOS PORT','ESTUDANTE',9,'3386-2952/988599784','-','LUÍS CARLOS DOS SANTOS PORTUGAL','TEC EM MEIO AMBIENTE','992403888','MICROEMPRESÁRIO','k.m36@hotmail.com','',2,1,0,0,0,0,0,0,0,'RINITE ALÉRICA',0,'-',0,'-',0,'','LEVAR AO SUS','RUA SALDANHA MARINHO','139','','CAIXA D\\\'ÁGUA','SALVADOR','40323010','BA','','','2018-12-10',0,1,54),(506,'133',2,'JULIANNE MATOS MACÁRIO',2,'2010-09-01','CRISTIANE MACIEL MATOS','RECEPCIONISTA',6,'987452712 / 33881421','MULTICENTRO DE SAUDE','JULIO DAVI DE SOUZA MACÁRIO',' SUPERVISOR DE VENDA','987292044','ATACADÃO CENTROSUL','-','',2,1,0,0,0,0,0,0,0,'asma e rinite',0,'leite, chocolate, conservantes',0,'-',0,'','','TRAVESSA VALENTIM RODRIGUES','62','','CAIXA D\\\'ÁGUA','SALVADOR','40320190','BA','PAGOU A MATRÍCULA COM DESCONTO','','2018-12-10',0,1,54),(507,'134',1,'AMANDA GABRIELA DA CRUZ SILVA',2,'2015-02-11','VERA LÚCIA DA CRUZ','POLICIAL MILITAR',6,'987491252 ','QUARTEL DOS BARRIS','ROBERTO CONCEIÇÃO SILVA','COMERCIÁRIO','999929602/981762029','URUGUAI','veuzinha34@hotmail.com','H. DA CIDADE',2,1,0,0,0,0,0,0,0,'-',0,'-',0,'-',0,'','','AVENIDA ALIOMAR BALEEIRO','80','CONDOMINIO MORADA BELA BL 03','SETE DE ABRIL','SALVADOR','41385160','BA','TRAB MAE: 31176242 / TIA ELIANA: 999823612','','2018-12-10',0,1,54),(508,'135',1,'DAVID ANDRADE SILVA SALES',1,'2010-11-29','FERNANDA FIGUEIREDO DE ANDRADE','DONA DE CASA',6,'985101093','-','DANIEL SILVA SALES','TEC EM REFRIGERAÇÃO','988714554','AMEV','-','H. DA CIDADE',1,1,0,0,0,0,0,0,0,'TRIGO, MOFO E ABACAXI',0,'ABACAXI E TRIGO',0,'-',0,'','-','AVENIDA ESTRELA DO SUL','16','','MACAúBAS','SALVADOR','40300720','BA','33869492 CASA','','2018-12-10',0,1,54),(509,'136',2,'ANA BEATRIZ PEREIRA FERNANDEZ',2,'2009-07-20','ELIANE MELO PEREIRA FERNANDEZ','TEC EM ENFERMAGEM',6,'987554250/992270573','HEDM - SESAB','ANDRÉ LUÍS SANTOS FERNANDEZ','VENDEDOR','987575842','TOP ALTO','elianefernandez@live.com','H. DA CIDADE',2,1,0,0,0,0,0,0,0,'-',0,'-',0,'-',0,'','','RUA TRASYBULO FERRAZ','83','','CIDADE NOVA','SALVADOR','40313700','BA','TRAB MAE: 31177628','','2018-12-11',0,1,54),(510,'137',1,'ARTHUR SILVA DE MELO',1,'2010-11-26','MARIA FABIANA SILVA DE MELO','CONSULTORA DE BELEZA',6,'987478724/81954250','BELEZA NATURAL','DANILO SENA DE MELO','MARÍTMO','993082560/988492079','FEERY BOAT','fabianamds04@gmail.com','',2,1,0,0,0,0,0,0,0,'-',0,'-',0,'-',0,'','-','RUA CONDE DE PORTO ALEGRE','48','','IAPI','SALVADOR','40330200','BA','CASA: 99888123 / AVÓ JOSI 987973095','','2018-12-11',0,1,54),(511,'138',1,'RUAN MILLER DE SOUZA GOMES LIMA',1,'2017-07-02','ALINE DE SOUZA OLIVEIRA','ASST DE INFORMÁTICA',6,'987233775/32343345','LOGIN INFORMÁTICA','JEAN ROBER GOMES LIMA','MOTO BOY','987344115','RETIRAUTO VEÍCULOS','-','H. DA CIDADE',2,1,0,0,0,0,0,0,0,'PICADA DE INSETO',0,'-',0,'-',0,'','-','RUA MARQUêS DE MARICá','161','','PAU MIúDO','SALVADOR','40310000','BA','TRAB MAE: 21073400','','2018-12-11',0,1,54),(512,'139',1,'KAUÃ NEIVA REIS LIMA',1,'2015-02-11','PRISCILA NEIVA REIS','ADMINISTRADORA',6,'987064454','UNEB','SILVIO MARO DOS SANTOS LIMA JUNIOR','SOLDADOR','992528685','-','-','',2,1,0,0,0,0,0,0,0,'LEITE E DERIVADOS',0,'LEITE E DERIVADOS',0,'-',0,'','LEVAR AO HOSPITAL PARTICULAR','AVENIDA CONCEIçãO','7','1 ANDAR','CAIXA D\\\\\\\'ÁGUA','SALVADOR','40320510','BA','','img_masc.jpg','2018-12-11',0,1,54),(513,'140',2,'ARIELLE LIMEIRA OLIVEIRA',2,'2011-02-23','ADRIANA DOS SANTOS LIMEIRA','COPEIRA DIETISTA',2,'988867790','-','JANDERSON ARAÚJO OLIVEIRA','VIGILANTE','988290240','-','-','',2,1,0,0,0,0,0,0,0,'-',0,'-',0,'',0,'','LEVAR AO SUS','TRAVESSA AIQUARA','6','','IAPI','SALVADOR','40330545','BA','','','2018-12-11',0,1,54),(514,'141',1,'JOÃO GABRIEL DA SILVA MARQUES MENDONÇA',1,'2010-04-17','MARILENE MIRANDA DA SILVA','DONA DE CASA',6,'986675686','-','PAULO VITOR MARQUES MENDONÇA','EMPRESÁRIO','987702763','VITOR TOLDOS','-','',1,1,0,0,0,0,0,0,0,'-',0,'-',0,'-',0,'','LEVAR AO HOSPITAL PARTICULAR','CONJUNTO ASTEKA','AP 0','LADEIRA DO PAIVA, BL 5 ','CAIXA D\\\'ÁGUA','SALVADOR','40320720','BA','','','2018-12-11',0,1,54),(515,'142',1,'JOSÉ DIOGO GOMES BELTRÃO',1,'2014-08-20','SANDRA REGINA SANTOS GOMES','AGENTE DE MARKETING',6,'986783712 / 32584170','TEL TELEMÁTICA','DIEGO BELTRÃO DE SILVA','AUX DE OPERAÇÕES','991084165','PORTO COTEGIPE','-','',2,1,0,0,0,0,0,0,0,'-',0,'-',0,'-',0,'','LEVAR AO HOSPITAL PARTICULAR','RUA DESEMBARGADOR JúLIO DE BRITO','14A','9 ªTRAVESSA','BAIXA DE QUINTAS','SALVADOR','40300160','BA','PAGOU A MATRÍCULA COM DESCONTO','','2018-12-11',0,1,54),(516,'143',1,'ANDRESSA GABRIELA MENDES QUERINO DOS SAN',2,'2009-08-25','ANDREA GABRIELA DOS SANTOS MENDES','TEC EM ENFERMAGEM',6,'986923172','H. SAO RAFAEL','CARLOS ANDRÉ QUERINO DOS SANTOS','-','987373459','-','-','',2,1,0,0,0,0,0,0,0,'-',0,'-',0,'-',0,'','LEVAR AO HAPVIDA','RUA AGOSTINHO SCHIMIDT','18','','CAIXA D\\\'ÁGUA','SALVADOR','40323020','BA','','','2018-12-11',0,1,54),(517,'144',1,'ANTONY EMANUEL DE SOUZA BATISTA',1,'2009-01-29','EMANUELA VIEIRA LEITE DE SOUZA','BALCONISTA',6,'987786558','PITUBA','JOÃO BATISTA DA SILVA FILHO','-','-','-','','',2,1,0,0,0,0,0,0,0,'-',0,'-',0,'-',0,'','-','RUA SALDANHA MARINHO','-','EDF SOL, AP03','CAIXA D\\\'ÁGUA','SALVADOR','40323010','BA','PAGOU A MATRÍCULA COM DESCONTO','','2018-12-11',0,1,54),(518,'146',2,'HEITOR ARAÚJO SANTOS',1,'2010-04-03','DIRLENE ARAÚJO GOMES SANTOS','ENFERMEIRA',6,'988611316/','-','CLAUDIO LUIZ SILVA SANTOS','ENFERMEIRO','999498678 / 988326411','H. DA BAH. , MUN. E ','claudios.fisio@hotmail.com','',2,1,0,0,0,0,0,0,0,'PICADA DE INSETO E RINITE',0,'-',0,'-',0,'','LEVAR AO HOSPITAL PARTICULAR','RUA CORONEL SERRA MARTINS','28','','LIBERDADE','SALVADOR','40370060','BA','TIO HELIO: 987585474 / TIA CATIA: 988598729 / CASA:30551573','','2018-12-12',0,1,54),(519,'147',1,'JOÃO PEDRO COSTA LIMA',1,'2010-01-27','IASMINY SANTOS COSTA LIMA','PROFESSORA / MANCURE',6,'988451997','-','DANIEL DE ARAÚJO LIMA','TEC EM INFRMÁRTICA','987588856','AUTÔNOMO','-','H. DA CIDADE',2,1,0,0,0,0,0,0,0,'RINITE ALÉRICA',0,'-',0,'-',0,'','','RUA MANOEL DRUMOND','98','','CAIXA D\\\'ÁGUA','SALVADOR','40320670','BA','','','2018-12-13',0,1,54),(520,'148',1,'MARIA CLARA ROCHA NORONHA',2,'2012-02-23','TATIANE ROCHA NORONHA','COMERCIARIA',8,'981755653/986613685','MUNDO VERDE','MARCO ANTONIO SANTOS NORONHA','RODOVIÁRIO','981780637','','tatynhamartins27@hotmail.com','',2,1,0,0,0,0,0,0,0,'-',0,'ABACAXI',0,'-',0,'','','RUA BENJAMIN FRANKLIN','70','','PAU MIúDO','SALVADOR','40315530','BA','','','2018-12-18',0,1,54),(521,'149',1,'ANITA MATOS PRADO CALAZANS DO VALLE',2,'2009-08-05','ELISABETE MATOS CALAZANS','OP. TELEMARKETING',6,'71 991207563','','FERNANDO CALAZANS','TEC. DE SEGURANÇA','71 988608475','PANTERA PRODUÇÕES','calazans.ponther@ hotmail.com','H. DA CIDADE',2,1,0,0,0,0,0,0,0,'RINITE ALÉRICA',0,'-',0,'TDAH',0,'','LEVAR AO HOSPITAL PARTICULAR','AVENIDA HEITOR DIAS','4','','BAIXA DE QUINTAS','SALVADOR','40300034','BA','','','2018-12-18',0,1,54),(522,'150',2,'ENZO GABRIEL DE JESUS SANTOS CONCEIÇÃO',1,'2011-02-26','JIOSEFA DE JESUS SANTOS','DONA DE CASA',9,'996530476','-','FERNANDO SILVA CONCEIÇÃO','TEC EM ELETRÔNICA ','999996802','LAURO DE FREITAS','josy.nen93@gmail.com','DO HAPVIDA',1,1,0,0,0,0,0,0,0,'-',0,'SUCO DE GOIABA',0,'TDAH E HIPERATIVIDADE',0,'','LEVAR AO HAPVIDA','RUA FREITAS HENRIQUE','66','','CAIXA D\\\'ÁGUA','SALVADOR','40320165','BA','','','2018-12-18',0,1,54),(523,'151',2,'ILAN ARIEL PEREIRA DA SILVA SIMÕES',1,'2008-11-13','CÁTIA PEREIRA DA SILVA','COMERCIARIA',6,'982774998','AV ACM','ERNESTO SIMOES FILHO ( FALECIDO)','-','-','-','katiaeariel@gmail.com','POSTO DE SAÚDE',2,1,0,0,0,0,0,0,0,'MOFO, POEIRA, CIGARRO, - ASMA',0,'CHOCOLATE, BISCOITOS, SALGADIN',0,'-',0,'','','4ª TRAVESSA VíTOR SERRA','36','','PERO VAZ','SALVADOR','40335425','BA','AVÓ RAIMUNDA: 88058906','','2018-12-18',0,1,54),(524,'152',1,'NATHALIE DE LIMA SALES SILVA',2,'2014-10-22','ENEIDA DE LIMA SALES','TAC EM SEG . DO TRABALHO',2,'33862211/988478199','CLIVALE - IGUATEMI','AUDICLEI NOIA SILVA','SEGURANÇA','985059475 / 98786293','STELLA MARES','eneidasale@outlook.com','H. DA CIDADE',2,1,0,0,0,0,0,0,0,'-',0,'-',0,'-',0,'','','RUA AGOSTINHO SCHIMIDT','45','','CAIXA D\\\\\\\'ÁGUA','SALVADOR','40323020','BA','AVÓ  JACI 987168680 / TIA KELLY 988919469','img_fem.jpg','2018-12-19',0,1,54),(525,'153',1,'IAN VITOR ROSARIO SANTOS',1,'2011-12-24','CAMILA VIANA ROSARIO','RECPCIONISTA',2,'32415897/987233427','CLINICA','ICARO SANTOS MACHADO','OPERADOR DE PRODUÇÃO','987087611','FABRICA MFX','-','H. DA CIDADE',2,1,0,0,0,0,0,0,0,'-',0,'-',0,'-',0,'','','RUA MANOEL DRUMOND','8','','CAIXA D\\\'ÁGUA','SALVADOR','40320670','BA','TRAB MAE: 33126677- PAGOU A MATRICULA COM DESCONTO','','2018-12-19',0,1,54),(526,'131',2,'JOÃO LUCAS MARQUES DE JESUS',1,'2009-03-14','ROSEMY SOARES MARQUES','PROFESSORA',8,'36114174/  988727291','PREFEITURA MUNICIPAL','ALESSANDRO VITOR SANTOS TEIXEIRA','QUÍMICO','988252421','PREFEITURA MUNICIPAL','rosy.my@hotmail.com','DO H. SANTA ISABEL OU H. CIDAD',2,1,0,0,0,0,0,0,0,'-',0,'-',0,'-',0,'UNIMED - NORTE NORDESTE','LEVAR AO HOSPITAL PARTICULAR','RUA DA POEIRA','89','','NAZARE','SALVADOR','40040520','BA','PAGOU A MATRÍCULA COM DESCONTO','img_masc.jpg','2018-12-20',0,1,54),(527,'154',1,'ENZO SALES DE OLIVEIRA REIS',1,'2014-10-09','ADRIANA SALES DOS SANTOS','COMERCIÁRIA',6,'996298193','PANIFICADORA','JAYR DE OLIVEIRA REIS','INDUSTRIÁRIO ','991319904','CANDEIAS - P. DE ARA','-','',2,1,0,0,0,0,0,0,0,'INTOLERÂNCIA A LACTOSE',0,'LEITE E DERIVADOS',0,'-',0,'','','RUA FREITAS HENRIQUE','84','','CAIXA D\\\'ÁGUA','SALVADOR','40320165','BA','','','2018-12-20',0,1,54),(528,'155',1,'JONATAS OLIVEIRA SANTANA DE JESUS',1,'2009-02-25','JOICE DOS SANTOS OLIVEIRA','ASSIT. ADMINISTRATIVO',2,'986675114','H. SANTO AMARO','ELIZEU SANTANA DE JESUS','-','-','-','ecioj_oliveira@yahoo.com,.br','-',2,1,0,0,0,0,0,0,0,'-',0,'-',0,'-',0,'','LEVAR AO HOSPITAL PARTICULAR','RUA VINTE E CINCO DE DEZEMBRO','69','','CIDADE NOVA','SALVADOR','40313360','BA','','','2018-12-20',0,1,54),(529,'156',1,'MARIA EDUARDA ALVES DE JESUS SANTANA',2,'2012-11-28','FRANCINE ALVES DE JESUS SANTANA','PROFESSORA',6,'9999038411','ESCOLA','WILLIAM SANTANA JORGE','CONFERENTE','999367158','ATACADÃO','fracinehistoriaruanda@bol.com.','',2,1,0,0,0,0,0,0,0,'poeira',0,'-',0,'-',0,'','-','RUA MARQUêS DE MARICá','86','AP 201','PAU MIúDO','SALVADOR','40310000','BA','PAGOU A MATRÍCULA COM DESCONTO','','2018-12-20',0,1,54),(530,'157',2,'ALIRA LOPES MORAIS',2,'2010-09-09','ELIANA LOPES DOS SANTOS','TEC EM ENFERMAGEM',6,'985249770 - 33863045','HGE','VINICIUS DE ARAUJO MORAIS','TEC EM ENFERMAGEM ','992145933','HGE','viniciusmoraiseu@gmail.com','H. DA CIDADE',2,1,0,0,0,0,0,0,0,'-',0,'-',0,'-',0,'','','RUA DOUTOR EDUARDO SANTOS','251','1º andar','PERO VAZ','SALVADOR','40340070','BA','PAGOU A MATRÍCULA COM DESCONTO','','2018-12-20',0,1,54),(531,'158',2,'LUDMILA SILVA DOS SANTOS',2,'2009-08-30','SAYONARA BRITO SILVA SANTOS','DONA DE CASA',8,'987386904','-','LUIS ANTONIO BATISTA DOS SANTOS','SEGURANÇA','-','-','-','POSTO DE SAÚDE',2,1,0,0,0,0,0,0,0,'AMOXILINA',0,'-',0,'',0,'','','RUA PEDRO IVO','9','CASA 7','CAIXA D\\\'ÁGUA','SALVADOR','40320010','BA','PAGOU A MATRÍCULA COM DESCONTO','','2018-12-20',0,1,54),(532,'159',2,'RAYANNE LEFUNDES MENDES DE ARAÚJO',2,'2011-09-17','RAILENE LEFUNDES MENDES DE ARAÚJO','AUX DE SERVIÇOS GERAIS',6,'32560160/988054615','PLADO VALADARES ARQU','LINDOMAR FRANÇA DE ARAÚJO','VIGILANTE','988055868','GPS','railene.lefundes@bol.com.br','',2,1,0,0,0,0,0,0,0,'-',0,'-',0,'-',0,'','','RUA FREITAS HENRIQUE DE CIMA','98','','CAIXA D\\\'ÁGUA','SALVADOR','40320150','BA','','','2018-12-20',0,1,54),(533,'160',2,'MARIA CLARA VIEIRA SILVA',2,'2011-08-29','SONIA REGINA VIEIRA DE SOUZA','COBRADORA',8,'987022398','TRANSOL','RICARDO ANTONIO DA SILVA SOUZA','TEC EM TELECOMUNICAÇ','98722268','PELOURINHO','ricardosouza2016@hotmail.com','',2,1,0,0,0,0,0,0,0,'PEPEL HIGIÊNICO',0,'-',0,'-',0,'','LEVAR AO HAPVIDA','RUA BENJAMIN FRANKLIN','75','','PAU MIúDO','SALVADOR','40315530','BA','','','2018-12-21',0,1,54),(534,'161',1,'MARLEY LOPES DOS SANTOS',1,'2009-11-26','ANA CRISTINA SANTOS LOPES','COPEIRA',8,'985193020/33868572','H. TERESA DE LISIEUX','WASHINGTON DOS SANTOS','RODOVIÁRIO','988197861','OTTRANS','-','DO HAPVIDA',2,1,0,0,0,0,0,0,0,'-',0,'-',0,'-',0,'','LEVAR AO HAPVIDA','RUA AGOSTINHO SCHIMIDT','33','','CAIXA D\\\'ÁGUA','SALVADOR','40323020','BA','PAGOU A MATRÍCULA COM DESCONTO','','2018-12-21',0,1,54),(535,'162',1,'RAQUEL COIMBRA PRUDENTE SANTOS',2,'2010-06-16','LEILA PATRICIA C PRUDENTE DE SANTA','GESTORA DE RH',2,'982248040','ALCLIN','THIAGO DA SILVA SANTOS','ADVOGADO','981444709','-','lelilpatriciacoimbra@gmail.com','',2,1,0,0,0,0,0,0,0,'-',0,'FRITURAS',0,'-',0,'','','RUA AURéLIO RODRIGUES DA SILVA','15','CASA01','CAIXA D\\\\\\\'ÁGUA','SALVADOR','40320050','BA','','img_fem.jpg','2018-12-21',0,1,54),(536,'164',1,'URIEL MARCELO NOGUEIRA DA ROCHA SILVA',1,'2010-12-08','EDNA NOGUEIRA DA ROCHA','DONA DE CASA',7,'987574308/993443104','-','MARCELO DE JESUS SILVA','VENDEDOR','988702515','LOJA CASTROS','edinharochasts@outlook.com','',2,1,0,0,0,0,0,0,0,'INSEROS, POEIRA',0,'-',0,'',0,'','LEVAR AO HOSPITAL PARTICULAR','RUA CHáCARA RAMOS','68','','PAU MIúDO','SALVADOR','40310525','BA','PAGOU A MATRÍCULA COM DESCONTO','','2018-12-21',0,1,54),(537,'165',1,'MARIA CLARA NASCIMENTO DA SILVA',2,'2009-03-06','EDENILDES SILVA NASCIMENTO','AUX ADM',8,'993859832','CLINICA S BRAS','CLAUDELINO SOUSA DA SILVA','GERENTE COMERCIAL','987630305','OTICA ALBUQUERQUE','nildes-nascimento@hotmail.com','DO HAPVIDA',2,1,0,0,0,0,0,0,0,'-',0,'-',0,'-',0,'','','RUA PEDRO IVO','55','','CX D AGUA','SALVADOR','40320010','BA','PAGOU A MATRÍCULA COM DESCONTO TRAB. MAE: 30131341 DINDA: : 991605216','','2018-12-21',0,1,54),(538,'166',2,'MARIA EDUARDA BULHOES NUNES',2,'2010-11-09','MARIA EDUARDA BULHOES NUNES','AUX ADM',2,'33524641','WALMART IGUATEMI','JOSUEL CONCEIÇÃO NUNES','AUX ADM','986211914','WALMART IGUATEMI','danielebulhoes@gmail.com','',2,1,0,0,0,0,0,0,0,'-',0,'',0,'-',0,'','','RUA MANOEL DRUMOND','25','','CAIXA D\\\'ÁGUA','SALVADOR','40320670','BA','PAGOU A MATRÍCULA COM DESCONTO - TIA JOSELIA 988924608','','2018-12-21',0,1,54),(539,'167',1,'DRIELLE VICTORIA GOMES CONCEIÇÃO',2,'2012-03-29','ELISANGELA DOS SANTOS GOMES','COPEIRA',2,'987245077','-','RAIMUNDO NONATO RIBEIRO CONCEIÇÃO','ELETROTECNICO','987992694','SIMOES FILHO','-','',2,1,0,0,0,0,0,0,0,'-',0,'-',0,'-',0,'','','RUA NEVES DA ROCHA','20','','CAIXA D\\\'ÁGUA','SALVADOR','40320530','BA','PAGOU A MATRÍCULA COM DESCONTO - IRMÃO DEIVISSON: 988309570 / MADRINHA MARCIA: 3','','2018-12-21',0,1,54),(540,'168',1,'MURILO URIEL LIRIO NASCIMENTO',1,'2009-09-18','CAMILA SANTOS LIRIO','-',6,'-','-','VINICIUS DA SILVA NASCIMENTO - FALE','-','-','-','-','',2,1,0,0,0,0,0,0,0,'-',0,'-',0,'-',0,'','','RUA SALDANHA MARINHO','160','','CAIXA D\\\'ÁGUA','SALVADOR','40323010','BA','O ALUNO POSSUI PROBLEMA AUDITIVO','','2018-12-21',0,1,54),(541,'169',1,'BRUNO CUÊ DE JESUS BISPO',1,'2010-08-14','ANA CLAUDIA SANTOS DE JESUS','-',6,'985109387','-','CLEBERSON BISPO DOS SANTOS','TECNOLOGO EM LOGISTI','987782286','PITUBA -MEDICICOR','anaclaudiasantos2018@gmail.com','H. DA CIDADE',2,1,0,0,0,0,0,0,0,'RINITE ALÉRICA',0,'-',0,'-',0,'','LEVAR AO HOSPITAL PARTICULAR','AVENIDA DOIS IRMãOS','32','2 andar','PERO VAZ','SALVADOR','40335640','BA','PAGOU A MATRÍCULA COM DESCONTO avó lucia: 33866396 / avô reis: 988768536','','2018-12-21',0,1,54),(542,'170',2,'ANDRESSA DE JESUS SOVERAL',2,'2010-08-20','ROSELI DE JESUS SILVA','COZINHEIRA',2,'33887645 / 991206815','-','JERDERSON  SILVA SOVERAL','VENDEDOR','993813917','-','-','POSTO DE SAÚDE',2,1,0,0,0,0,0,0,0,'-',0,'-',0,'-',0,'','','CONJUNTO RECANTO VERDE','202','BLOCO 101 ED LIRIO AP 202','MATA ESCURA','SALVADOR','41225680','BA','PAGOU A MATRÍCULA COM DESCONTO AVÓ ANA RITA 33866797','','2018-12-21',0,1,54),(543,'171',1,'CHRISTIAN ALMEIDA BADARÓ CONCEIÇÃO',1,'2011-04-14','JEANE FRANCO ALMEIDA','TEC EM ENFERMAGEM',6,'993657557','H SAO RAFAEL','WILLIAM BADARÓ CONCEIÇÃO','IMPRESSOR FLEXOGRÁFI','98786/5897/991352615','GRÁFICA','jeanejeanefranco@hotmail.com','',2,1,0,0,0,0,0,0,0,'-',0,'-',0,'-',0,'','','RUA SALDANHA MARINHO','100','','CAIXA D\\\'ÁGUA','SALVADOR','40323010','BA','','','2018-12-21',0,1,54),(544,'173',2,'SARAH AYSHA REQUIÃO  SACRAMENTO',1,'0000-00-00','EDIANE MARIA LOPES REQUIÃO','POLICIAL MILITAR',6,'987267453','POLICIA MILITAR BA','ANDERSON SACRAMENTO DA SILVA','CARTEIRO','986073897','CORREIOS','edirequiao@hotmail.com','',2,1,0,0,0,0,0,0,0,'RINITE ALÉRICA',0,'-',0,'-',0,'','LEVAR AO HOSPITAL PARTICULAR','AVENIDA QUEIROZ','27','','LIBERDADE','SALVADOR','40327195','BA','','','2018-12-21',0,1,54),(545,'174',1,'CAIO MIRANDA SANTOS',1,'0000-00-00','JOSIANE OLIVEIRA MIRANDA','SERVIDORA PÚBLICA',6,'988810422','SEMOP','ANTONIO CLÁUDIO LIMA SANTOS','TÉCNICO  ELECTRONICA','988848472','LOJA','jomiranda20@gmail.com','',1,1,0,0,0,0,0,0,0,'-',0,'-',0,'-',0,'','LEVAR AO HOSPITAL PARTICULAR','RUA RODRIGO DE MENEZES','50','','PAU MIúDO','SALVADOR','40315507','BA','PAGOU A MATRÍCULA COM DESCONTO','','2018-12-21',0,1,54),(546,'175',1,'IALY ROCHA CUNHA NOVAES',2,'2011-06-13','ISIS ROCHA CUNHA NOVAES','DONA DE CASA - AUTONOMA',6,'987084073/996829498','-','EDVAN CUNHA NOVAES','BANCÁRIO','987710432','CANCO ITAÚ - ADM','-','',1,1,0,0,0,0,0,0,0,'-',0,'-',0,'-',0,'','LEVAR AO HOSPITAL PARTICULAR','RUA DOUTOR MáRIO DE SOUZA DANTAS','13','','CAIXA D\\\'ÁGUA','SALVADOR','40321085','BA','','','2018-12-21',0,1,54),(547,'176',2,'ALICE MOTA HOMEM',2,'2011-03-25','ALINE MOTA MATTOS','JORNALISTA',2,'987259176','-','LEANDRO HOMEM SILVEIRA DOS SANTOS','VENDEDOR','988634047','DZAP','alinemotamattos37@outlook.com','DO HAPVIDA',2,1,0,0,0,0,0,0,0,'DIPIRONA E AMOXILINA',0,'-',0,'-',0,'','LEVAR AO HAPVIDA','RUA GONçALO MUNIZ','19','1 ANDAR','CAIXA D\\\'ÁGUA','SALVADOR','40320070','BA','PAGOU A MATRÍCULA COM DESCONTO - 32445475 TIA NICE','','2018-12-21',0,1,54),(548,'177',2,'LUIZ FELIPE CONCEIÇÃO BORGES BARRETO',1,'2014-12-06','LUISE CONCEIÇÃO BORGES','ENG. AMBIENTAL',6,'987246720','-','GLEBIO DIEGO LONGUINHO BARRETO','AUTONOMO','987015139','-','luisecborges@gmail.com','H. DA CIDADE',2,1,0,0,0,0,0,0,0,'-',0,'REFRIGERANTE',0,'-',0,'','LEVAR AO HOSPITAL PARTICULAR','RUA SALDANHA MARINHO','6','RUA CORONEL ODILON ALVES PEIXO','CAIXA D\\\'ÁGUA','SALVADOR','40323010','BA','PAGOU A MATRÍCULA COM DESCONTO -  AVÓ MARITELMA : 988667816 / TIO RAFAEL: 987767','','2018-12-21',0,1,54),(549,'178',1,'ALESSANDRA VITÓRIA MOTA GIRON',2,'2010-05-04','NEIDJANE MOTA DA CRUZ','VARREDORA ',8,'988123570','BARRA','ROBERTO ANDRADE GIRON','-','-','-','-','',2,1,0,0,0,0,0,0,0,'-',0,'-',0,'-',0,'','','RUA BENTO SABINO DOS REIS','16','','CAIXA D\\\'ÁGUA','SALVADOR','40320040','BA','TIA DINALVA: 88103996','','2018-12-21',0,1,54),(550,'179',1,'SABRINA FERNANDES PEREIRA RIBEIRO',1,'2011-04-27','MAGALY FERNANDES PEREIRA DA SILVA','ATENDENTE',6,'987600208','PERNAMBUES','EDSON JOSÉ BISPO RIBEIRO JUNIOR','MECÂNICO','999667823','-','-','',2,1,0,0,0,0,0,0,0,'POEIRA - RINITE ALÉRGICA',0,'-',0,'-',0,'','','RUA MARQUêS DE MARICá','6','CHÁCARA RAMOS','PAU MIúDO','SALVADOR','40310000','BA','PAGOU A MATRÍCULA COM DESCONTO - TIO GEOVANI: 991362573','','2018-12-21',0,1,54),(551,'180',1,'CARLOS HENRIQUE COUTINHO ANDRADE',1,'2010-10-26','JAQUELINE CARREGOSA COUTINHO','DONA DE CASA',6,'985226235','-','GLEIDITON SILVA ANDRADE','INSTALADOR DE RASTRE','988879404','AUTONOMO','-','UPA ',2,1,0,0,0,0,0,0,0,'-',0,'-',0,'-',0,'','','RUA TRASYBULO FERRAZ','07','','CIDADE NOVA','SALVADOR','40313700','BA','','','2018-12-26',0,1,54),(552,'181',1,'TAMIRES NUNES DANTAS SOUSA',2,'2012-05-04','SUELMA NUNES DANTAS SOUSA','DONA DE CASA',2,'988979710','-','JOSUÉ DANTAS SOUSA','SERVIDOR P. FEDERAL','986357058','CORREIOS','-','-',2,1,0,0,0,0,0,0,0,'-',0,'-',0,'-',0,'','','RUA DESEMBARGADOR JúLIO DE BRITO','70B','','BAIXA DE QUINTAS','SALVADOR','40300160','BA','PAGOU A MATRÍCULA COM DESCONTO - TRAB PAI 33780693','','2018-12-26',0,1,54),(553,'183',1,'ERICK DA SILVA MELO',1,'2010-06-14','VILMA SANTOS DA SILVA','-',6,'988873712','-','IVO SANTOS MELO','-','982894231','-','-','H. DA CIDADE',2,1,0,0,0,0,0,0,0,'-',0,'-',0,'-',0,'','','RUA DOS PIRINEUS DE BAIXO','59','','PAU MIúDO','SALVADOR','40310545','BA','PAGOU A MATRÍCULA COM DESCONTO - 324437','','2018-12-26',0,1,54),(554,'184',2,'DANIÉL MAGALHÃES DE MOURA SILVA',1,'2009-03-15','LILIAM MAGALHÃES DE JESUS','EXECUTIVA DE VENDAS',2,'981536135','PIERRE ALEXANDER','ROBSON CRISPIM DE MORAES SILVA','PROMOTOR DE VENDAS','981689274/88769608','UNILEVER','liliammagalhares01@outlook.com','',2,1,0,0,0,0,0,0,0,'FUMAÇA, POEIRA E MOFO',0,'-',0,'-',0,'','-','RUA MANOEL DRUMOND','66E','','CAIXA D\\\'ÁGUA','SALVADOR','40320670','BA','PAGOU A MATRÍCULA COM DESCONTO - TIA LUCIANA: 987267233','','2018-12-26',0,1,54),(555,'185',2,'MATEUS BOMFIM VALERIANO',1,'2016-06-26','DILCINEIA FERREIRA BOMFIM SOUSA','MONITORA DE QUALIDADE',9,'986320304','LIQ COMUNICAÇÕES','ROBSON VALERIANO DE SOUSA','OFICIAL DE MANUTENÇÃ','988538138','SAUÍPE','robsonvaleriano@yahoo.com.br','DO HAPVIDA',1,1,0,0,0,0,0,0,0,'MOSQUITOS E MURIÇOCAS',0,'-',0,'-',0,'','','RUA OSCAR LOPES','03','','CAIXA D\\\'ÁGUA','SALVADOR','40320810','BA','','','2018-12-26',0,1,54),(556,'186',1,'EVE DANIELLE SANTANA LOPES',2,'2009-02-22','ARIANA SANTOS SANTANA','DOMÉSTICA',8,'-','-','JUCIMAR SANTOS LOPES','DESIGN GRÁFICO','992580111','STAMPGRAFF','-','-',2,1,0,0,0,0,0,0,0,'-',0,'-',0,'',0,'','-','RUA AGOSTINHO SCHIMIDT','33','','CAIXA D\\\'ÁGUA','SALVADOR','40323020','BA','CASA: 33868572','','2018-12-26',0,1,54),(557,'189',2,'NICOLY VENINE OLIVEIRA CARDOSO',2,'2010-02-08','PRISCILA VENINE OLIVEIRA CARDOSO','ESTUDANTE',8,'986201467','','JEFERSON SOARES CARDOSO','VIGILANTE','086309128','GUADSECURE','JEFERSOESPIRITOSANTO@OUTLOOK.C','',2,1,0,0,0,0,0,0,0,'-',0,'-',0,'-',0,'','','RUA SÃO TOMÉ ','24','','CAIXA D\\\'ÁGUA','SALVADOR','40310420','BA','PAGOU COM DESCONTO','','2018-12-28',0,1,54),(558,'190',2,'ALISSON DA CONCEIÇÃO FERREIRA REIS',1,'0008-06-27','TIALA DA CONCEIÇÃO FERREIRA PINTO','ZELADORA',8,'982419196','IGREJA FILADELFIA','NAILSON SANTOS REIS','SEGURANÇA','988692555','SALVADOR TRADE CENTE','TIALAF1989@GMAIL,COM','',1,1,0,0,0,0,0,0,0,'-',0,'-',0,'-',0,'','HOSPITAL DA CIDADE','RUA SALDANHA MARINHO','101','','CAIXA D\\\'ÁGUA','SALVADOR','40323010','BA','','','2018-12-28',0,1,54),(559,'187',2,'SAMUEL DAVI DE JESUS NEVES',1,'2011-09-09','INDAIA ALBERGARIA DE JESUS NEVES','TEC EM ENFERMAGEM',6,'987158044','H. ERNESTO SIMOES FI','ROBSON CONCEIÇÃO NEVES','PEDREIRO','988768606','-','-','H. DA CIDADE',2,1,0,0,0,0,0,0,0,'ACAROS',0,'CHOCOLATE E GORDURA',0,'-',0,'','LEVAR AO HOSPITAL PARTICULAR','RUA SALDANHA MARINHO','294','','CAIXA D\\\'ÁGUA','SALVADOR','40323010','BA','','','2019-01-02',0,1,54),(560,'188',2,'ELIOAH SAMPAIO FERREIRA',2,'0000-00-00','VANIA SAMPAIO PEREIRA FERREIRA','ATENDENTE',8,'986201369','NACCI','EDRAS MARQUES GOMES FERREIRA','RODOVIARIO','9981735966','CSN','EDRASMGF@GMAIL.CO','',1,1,0,0,0,0,0,0,0,'-',0,'-',0,'-',0,'','TEREZA','2ª TRAVESSA DA MANDCHúRIA','2 E','','CAIXA D\\\\\\\'ÁGUA','SALVADOR','40320185','BA','','img_fem.jpg','2019-01-03',0,1,54),(561,'191',2,'LÍVIA RIBEIRO DA SILVA',2,'2010-12-10','CARINA DE JESUS RIBEIRO','AUX. ADMINISTRATIVO',2,'986631344','CIA DO CRÉDITO','LUIZ RICARDO DA SILVA','MAQUEIRO','987221381','H. ROBERTO SANTOS','-','',2,1,0,0,0,0,0,0,0,'-',0,'-',0,'-',0,'','LEVAR AO SUS','RUA AGOSTINHO SCHIMIDT','68','','CAIXA D\\\'ÁGUA','SALVADOR','40323020','BA','AVÓ NILCÉLIA: 986687633','','2019-01-03',0,1,54),(562,'192',2,'REBECA VITÓRIA SANTOS E SANTOS',2,'2008-10-11','ELINALVA BARBOSA SANTOS E SANTOS','DONA DE CASA',2,'988477281','-','CLAUDEVINO REGINALDO DOS SANTOS','ELETRICISTA','999580373','BA 091 JOANES II','-','-',2,1,0,0,0,0,0,0,0,'RINITE ALÉRICA',0,'-',0,'-',0,'','LEVAR AO SUS','RUA HAVAí','15','','CAIXA D\\\'ÁGUA','SALVADOR','40320540','BA','TIA JOSE: 988497060','','2019-01-04',0,1,54),(563,'193',2,'MAYSA CASTRO DA CONCEIÇÃO PINTO',2,'2015-02-17','ERICA DE CASTRO SOUZA PINTO','DONA DE CASA',8,'982449315','-','YTALO DA CONCEIÇÃO FERREIRA PINTO','TEC EMSEG DO TRABALH','988126651','CAMAÇARI','ytalo.pinto@nobretecengenharia','UPA ',1,1,0,0,0,0,0,0,0,'-',0,'-',0,'-',0,'','LEVAR AO SUS','RUA SALDANHA MARINHO','101','','CAIXA D\\\'ÁGUA','SALVADOR','40323010','BA','AVÓ JOSELIA: 988126651','','2019-01-07',0,1,54),(564,'194',1,'YOSHIMI NASCIMENTO KANZAKI',1,'2015-08-15','MARIA FABIABA SANTOS NASCIMENTO','MERCADÓLOGA',2,'988473965','CENTRO DA CIDADE','KAZUMI KANZAKI','SOPORTE','988040427','CENTRO DA CIDADE','kazumikanzaki@gmail.com','',2,1,0,0,0,0,0,0,0,'-',0,'-',0,'-',0,'','-','RUA CARLOS GOMES','698','AP 1104 ED ANABELA ','CENTRO','SALVADOR','40006033','BA','ALUNO COM DESCONTO NA MENSALIDADE / TRAB MAE: 988041552','','2019-01-07',0,1,54),(565,'195',2,'SAMARA YÊDA ROCHA DOS SANTOS',2,'2009-06-11','ANDREIA IEDA DE SOUSSA R, DOS SANTO','FUNCIONÁRIA PÚBLICA',6,'981196221','PELOURINHO','WESLEY CEZAR DOS SANTOS','FUNCIONÁRIO PÚBLICO','99191894','LAURO DE FREITAS','wesey_cezar@hotmail.com','H. DA CIDADE',2,1,0,0,0,0,0,0,0,'-',0,'-',0,'-',0,'','','ESTRADA DA MANDCHúRIA','27b','','CAIXA D\\\'ÁGUA','SALVADOR','40323085','BA','AVÓ FÁTIMA 986914169 / TIA JULIANA : 993786875','','2019-01-07',0,1,54),(566,'196',1,'RENATA BISPO DCO ESPIRITO SANTO',2,'2008-08-20','CINTIA REJANE MERCES BISPO','DONA DE CASA',2,'987564081','-','RENATO FRANCISCO DO ESPIRITO SANTO','SEGURANÇA','986169012','LIBERDADE','-','-',2,1,0,0,0,0,0,0,0,'-',0,'-',0,'-',0,'','','AVENIDA BOM MUNDO','51E','','BAIXA DE QUINTAS','SALVADOR','40300070','BA','','','2019-01-07',0,1,54),(567,'197',1,'NATHALIA CONCEIÇÃO DE MATOS SOUZA',2,'2011-05-18','NATHALIE DE MATOS FREITAS','AUXILIAR DE PRODUÇÃO',2,'986348843','BASE NAVAL','LUCIANO OLIVEIRA DE SOUZA','-','-','-','-','HOSPITAL PARTICULAR',2,1,0,0,0,0,0,0,0,'INSETOS',0,'-',0,'-',0,'','LEVAR AO HOSPITAL PARTICULAR','RUA CONDE DE PORTO ALEGRE','48','AV. DIVA CASA 10','IAPI','SALVADOR','40330200','BA','PAIS DA ALUNA COM DEFICIÊNCIA AUDITIVA -LIGAR PARA AVÓ IZAURA:988790103','','2019-01-07',0,1,54),(568,'198',2,'ANNA CLARA ALMEIDA DOS SANTOS',2,'2015-06-17','REBECA SILVA ALMEIDA','ASSISTENTE ADMINISTRATIVO',9,'987483150','CABULA','TIAGO SANTANA DOS SANTOS','MOTO TAXISTA','987122780','CAIXA DÁGUA','REBECA.SALMEIDA@HOTMAIL.COM','-',1,1,0,0,0,0,0,0,0,'NÃO',0,'NÃO',0,'NÃO',0,'','EMERGENCIA','1ª RUA DA MANDCHúRIA','53','','CAIXA D\\\\\\\'ÁGUA','SALVADOR','40320620','BA','','img_fem.jpg','2019-01-07',0,1,54),(569,'199',2,'MIGUEL MARQUES DE ALMEIDA SILVA',1,'2016-03-22','CAMILA MARQUES DE ALMEIDA SILVA','TEC EM ENFERMAGEM',8,'993636702','AUTONOMA','TÁSSIO DE ALMEIDA SILVA','TEC EM PROCESSOS QUI','992771160','BSC BAHIA E.C. CAMAÇ','milamarquesreis@hotmail.com','H. DA CIDADE',1,1,0,0,0,0,0,0,0,'-',0,'-',0,'-',0,'','-','RUA SALDANHA MARINHO','14','TV 18 DE FEVEREIRO','CAIXA D\\\'ÁGUA','SALVADOR','40120150','BA','AVÓ GAL: 993636702 / AVÓ JOSENILDA: 988339751 / AVÓ SUZANA: 33862540','','2019-01-07',0,1,54),(570,'200',2,'ALEXANDRE SANTOS DA CONCEIÇÃO',1,'2009-03-30','VALDIRENE SILVA DOS SANTOS','FISIOTERPEUTA',8,'986658305','FAZENDA GRANDE','ALEXANDRE SANTOS DA CONCEIÇÃO','SERVIDOR PUBLICO','-','-','VALFISI@YAHOO.COM.BR','MAE',1,1,0,0,0,0,0,0,0,'FUNGOS -CHEIRO FORTE',0,'NÃO',0,'NÃO',0,'','MÃE-VÓ','AV. OTAVIO MANGABEIRA','03','','PERO VAZ','SALVADOR','40340040','BA','VÓ 987463490','img_masc.jpg','2019-01-08',0,1,54),(571,'202',1,'MIGUEL DE JESUS BARBOSA SANTOS',2,'2013-12-23','JAQUELINE DE JESUS BARBOSA SANTOS','DONA DE CASA',6,'988144013','-','UELTON BARBOSA SANTOS','ELETRICISTA','988653323','EQS ENGENHARIA - CX ','uelton-santos31@gmail.com','DO HAPVIDA',2,1,0,0,0,0,0,0,0,'-',0,'-',0,'-',0,'','LEVAR AO HAPVIDA','TRAVESSA DA MANDCHúRIA','39','','CAIXA D\\\'ÁGUA','SALVADOR','40320630','BA','tia darcy: 986017523','','2019-01-08',0,1,54),(572,'203',2,'DAIARA EMANUELE DOS SANTOS MOTA',2,'2012-02-09','DÉBORA SANTANA DOS SANTOS','ASSIT. ADMINISTRATIVO',6,'986654387','HOSPITAL DA CIDADE','DIEGO ALMEIDA MOTA','ENFERMEIRO','986542577','HOSPITAL AEROPORTO','deboraedaiara@gmail.com','-',2,1,0,0,0,0,0,0,0,'-',0,'-',0,'-',0,'','','AVENIDA SANTANA DO PERO VAZ','256','','PERO VAZ','SALVADOR','40335630','BA','FIXO DO PAI 33861685 / AVÓ RITA: 987037578','','2019-01-09',0,1,54),(573,'205',1,'YASMIN ROCHA DA SILVA',2,'3009-04-02','SHEILA ROCHA DA SILVA','CAL CENTER',2,'999926269','','-','-','-','-','-','UPA ',1,1,0,0,0,0,0,0,0,'-',0,'-',0,'-',0,'','','RUA DOMINGOS PEREIRA BAIãO','28','','CAIXA D\\\'ÁGUA','SALVADOR','40320080','BA','AVÓ JORGE','','2019-01-09',0,1,54),(574,'204',1,'LUAN OTAVIO SANTOS PEREIRA',1,'1995-07-03','ADRIANA VIRGINIA SANTOS','EDUCADORA FISICA',6,'986645624','CORREDOR DA VITORIA','OTÁVIO PERREIRA DOS SANTOS','ATENDENTE','986645624','-','PORTO_GURO@HOTMAIL.COM','EMERGENCIA',2,1,0,0,0,0,0,0,0,'NÃO',0,'NÃO',0,'NÃO',0,'','EMERGENCIA','VILA WANDA','81','','PERO VAZ','SALVADOR','40335510','BA','','','2019-01-09',0,1,54),(575,'206',2,'ARTHUR COELHO SANTOS FERREIRA',1,'2011-08-13','MICHELE COELHO SANTOS','PEDAGOGA',8,'988559560  983149931','AUTONOMA - ESTOFARIA','ANTONIO FERNANDO SILVA FERREIRA','GERENTE DE VENDAS','986881387','AMAZONAS TECIDOS','mi_coelhinha@hotmail.com','EMERGENCIA',1,1,0,0,0,0,0,0,0,'-',0,'-',0,'-',0,'','EMERGENCIA','1ª AVENIDA FLORA','118','','BAIXA DE QUINTAS','SALVADOR','40300010','BA','IRMÃ DANIELY: 982746535 ','','2019-01-09',0,1,54),(576,'211',2,'RYAN OLIVEIRA SANTANA',1,'2012-05-05','TATIANA OLIVEIRA SANTOS','AXILIAR DE LIMPEZA',8,'-','-','RONALDO DOS SANTOS SANTANA','MOTORISTA','-','-','-','EMERGENCIA',2,1,0,0,0,0,0,0,0,'AMOXILINA',0,'NÃO',0,'NÃO',0,'','EMERGENCIA','RUA JUAZEIRO','97','','CAIXA D\\\'ÁGUA','SALVADOR','40321055','BA','MORA COM Á AVÓ- 992841420/986339115','','2019-01-09',0,1,54),(577,'212',2,'RAFAEL DA CONCEIÇÃO CRUZ DE JESUS',2,'2009-10-19','RITA DE CASSIA DA CONCEIÇÃO CRUZ DE','AUXILIAR DE SERVIÇOS HOSPITALA',9,'987358310','CENTENARIO','MOACIR ARAUJO DE JESUS','ELETRISISTA','986024365','-','-','DO HAPVIDA',1,1,0,0,0,0,0,0,0,'DIPIRONA',0,'NÃO',0,'NÃO',0,'','LEVAR AO HOSPITAL PARTICULAR','RUA MANOEL DRUMOND','43','CONDOMÍNIO PARQUE','CAIXA D\\\'ÁGUA','SALVADOR','40320670','BA','','','2019-01-10',0,1,54),(578,'213',1,'MOANA CARVALHO DOS SANTOS',2,'2017-08-22','TAIS CARVALHO SERGIO','COMERCIANTE',2,'988615228','CAIXA D´ÁGUA','EDVALDO PEREIRA DOS SANTOS','CONTADOR','41015073','CAMAÇARI','TAISCARVALHO028@HOTMAIL.COM','HOSPITAL PARTICULAR/LIGAR MÃE',1,2,0,0,0,0,0,0,0,'NÃO',0,'NÃO',0,'NÃO',0,'UNIMED','LEVAR AO HOSPITAL PARTICULAR','RUA AGOSTINHO SCHIMIDT','56','LOJA RIBEIRO FERRAGENS','CAIXA D´\\\\\\\\\\\\\\\\\\\\\\\\\\\\\\\'ÁGUA','SALVADOR','40323020','BA','33863606 TRABALHO','img_fem.jpg','2019-01-10',0,1,54),(579,'214',1,'STEPHANIE AROUCA NASCIMENTO',2,'2009-10-09','DAIANE DE SANTANA AURORA','ESTUDANTE',2,'986457385','-','ROGERIO TANAJURA NASCIMENTO','FUNC. PUBLICO','987838289','-','TANAJURANASCIMENTO@GMAIL','HOSPITAL PARTICULAR',2,1,0,0,0,0,0,0,0,'SIM',0,'NÃO',0,'NÃO',0,'','LEVAR AO HOSPITAL PARTICULAR','RUA MARQUêS DE MARICá','39','','PAU MIúDO','SALVADOR','40310000','BA','','','2019-01-11',0,0,54),(580,'215',1,'DAVI DE QUEIROZ PINTO',1,'2009-02-10','ELISAMA DE QUEIROZ PINTO','CONSULTORA DE VENDAS',6,'981842584','BOCA DO RIO','JAILTON MENDES PINTO','OPRER. DE EMPILHADEI','986005626/983287406','CIA','-','LEVAR AO H.C.',2,1,0,0,0,0,0,0,0,'AAS, POEIRA',0,'-',0,'-',0,'','LEVAR AO HOSPITAL PARTICULAR','RUA NEVES DA ROCHA','67A','','CAIXA D\\\'ÁGUA','SALVADOR','40320530','BA','TIA ELISANGELA: 987328972','','2019-01-11',0,1,54),(581,'216',1,'CARLOS EDUARDO QUERINO CAZUMBÁ',1,'2014-12-07','CARLA JOSEANE QURINO CAZUMBÁ','CONTADORA',8,'987102203','RUA AGOATINHO','FEFERSOM AZEVEDO CAZUMBÁ','VIGILANTE','982752931','PITUBA','JEFFERSOM_CAZUMBA84@OUTLOOK.CO','EMERGENCIA',2,1,0,0,0,0,0,0,0,'NÃO',0,'NÃO',0,'NÃO',0,'','EMERGENCIA','RUA AGOSTINHO SCHIMIDT','18','1 ANDAR','CAIXA D\\\'ÁGUA','SALVADOR','40323020','BA','','','2019-01-14',0,1,54),(582,'217',1,'LUIGI GABRIEL ALVES GONÇALVES LOBÃO',1,'2017-03-28','ISADORA ALVES CRUZ GONÇALVES DA SIL','ESTUDANTE',6,'991114877','_','LUAN MORAES LOBÃO','EMPRESARIO','993237200','PARALELA','ISADORAALVES2001@OULTOOL.COM','DO HAPVIDA',1,1,0,0,0,0,0,0,0,'NÃO',0,'NÃO',0,'NÃO',0,'','LEVAR AO HOSPITAL PARTICULAR','RUA MANOEL INáCIO DA COSTA','9','','CAIXA D\\\'ÁGUA','SALVADOR','40320030','BA','','','2019-01-14',0,1,54),(583,'208',2,'MARIA EDUARDA BRITO VITORINO',2,'2009-01-11','ELIANE COSTA BRITO','SECRETÁRIA',6,'999349454','CAB','MARIVAN DA SILVA VITORINO','SEGURANÇA PATRIMONIA','992561217','COMÉRCIO - BRADESCO','','H. DA CIDADE',2,1,0,0,0,0,0,0,0,'-',0,'-',0,'-',0,'','','RUA OSCAR LOPES','16','','CAIXA D\\\'ÁGUA','SALVADOR','40320810','BA','','','2019-01-15',0,1,54),(584,'209',1,'ANA BEATRIZ GOUVEIA SANTOS',2,'2010-02-25','ROSENILCE GOUVEIA SA','-',2,'986963483/991333501','-','JADSON DE JESUS SANTOS','MOTORISTA OPERADOR','983027579','USIT LOCAÇÕES','-','',2,1,0,0,0,0,0,0,0,'-',0,'-',0,'-',0,'','-','AVENIDA SãO TOMé','04','','CAIXA D\\\'ÁGUA','SALVADOR','40320410','BA','','','2019-01-15',0,1,54),(585,'210',1,'KAUÃ DE OLIVEIRA SALLES',1,'0008-04-19','ALINE ROSA DE OLIVEIRA','DONA DE CASA',8,'988770778','','GEORGE RODRIGUES DA SILVA SALLES','FALECIDO','986912865','','denisesalles.tst@gmail.com','',2,1,0,0,0,0,0,0,0,'-',0,'-',0,'-',0,'','EMERGÊNCIA ','RUA MARQUêS DE MARICá','81 A','','PAU MIúDO','SALVADOR','40310000','BA','','','2019-01-15',0,1,54),(586,'218',2,'MICAELE CERQUEIRA DE OLIVEIRA',2,'2011-04-23','MICHELE CERQUEIRA DE OLIVEIRA','DONA DE CASA',2,'32447851','','MARCOS VINÍCIUS BARBOSA DE NOVAES','AUTONOMO','33860559','','','',2,1,0,0,0,0,0,0,0,'-',0,'-',0,'-',0,'','LEVAR AO HOSPITAL PÚBLICO','TRAVESSA JOANA D\\\'ARC','19','','CAIXA D\\\'ÁGUA','SALVADOR','40320650','BA','','','2019-01-15',0,0,54),(587,'219',2,'MICAELE VITÓRIA DE OLIVEIRA NOVAES',2,'2011-04-23','MICHELE CERQUEIRA DE OLIVEIRA','DONA DE CASA',2,'32447851','','MARCOS VINÍCIUS BARBOSA DE NOVAES','AUTONOMO','33860559','','','',2,1,0,0,0,0,0,0,0,'',0,'',0,'',0,'','','TRAVESSA JOANA D\\\'ARC','19','','CAIXA D\\\'ÁGUA','SALVADOR','40320650','BA','','','2019-01-15',0,1,54),(588,'220',2,'ANA VITÓRIA MÁXIMO DE BRITO',2,'2011-04-28','FABIANA CONCEIÇÃO MÁXIMO','RECPCIONISTA',9,'993237684','DOCERIA DOCE VIDA','DANIEL OLIVEIRA DE BRITO','VIGILANTE','91411001','LUCAIA','biadani.anavitoria@gmail.com','DO HAPVIDA',1,1,0,0,0,0,0,0,0,'',0,'',0,'',0,'','LEVAR AO HOSPITAL PARTICULAR','RUA PEDRO IVO','47','','CAIXA D\\\'ÁGUA','SALVADOR','40320010','BA','','','2019-01-16',0,1,54),(589,'225',1,'JORGE GABRIEL ALVES PEREIRA',1,'2014-04-12','ELIANE ALVES DOS SANTOS','ESTUDANTE',9,'932341141/983287441','','FLÁVIO FELIX CONCEIÇÃO PEREIRA','AUTONOMO','991088259','','','',1,1,0,0,0,0,0,0,0,'-',0,'-',0,'AUTISTA',0,'','LEVAR AO HOSPITAL PÚBLICO','TRAVESSA DA MANDCHúRIA','46 A','','CAIXA D\\\'ÁGUA','SALVADOR','40320630','BA','','','2019-01-16',0,1,54);
/*!40000 ALTER TABLE `alunos` ENABLE KEYS */;
UNLOCK TABLES;

--
-- Table structure for table `analgesicos`
--

DROP TABLE IF EXISTS `analgesicos`;
/*!40101 SET @saved_cs_client     = @@character_set_client */;
/*!40101 SET character_set_client = utf8 */;
CREATE TABLE `analgesicos` (
  `id_analgesico` int(11) NOT NULL AUTO_INCREMENT,
  `nm_analgesico` varchar(20) NOT NULL,
  `id_usuario` int(11) NOT NULL,
  PRIMARY KEY (`id_analgesico`),
  KEY `id_usuario` (`id_usuario`)
) ENGINE=InnoDB AUTO_INCREMENT=12 DEFAULT CHARSET=latin1;
/*!40101 SET character_set_client = @saved_cs_client */;

--
-- Dumping data for table `analgesicos`
--

LOCK TABLES `analgesicos` WRITE;
/*!40000 ALTER TABLE `analgesicos` DISABLE KEYS */;
INSERT INTO `analgesicos` VALUES (1,'Anador',54),(2,'Tylenol',54),(4,'AAS',54),(5,'Outro',54),(6,'Novalgina',54),(7,'Melhoral',54),(8,'Dipirona',54),(9,'Ibuprofeno',54);
/*!40000 ALTER TABLE `analgesicos` ENABLE KEYS */;
UNLOCK TABLES;

--
-- Table structure for table `cargos`
--

DROP TABLE IF EXISTS `cargos`;
/*!40101 SET @saved_cs_client     = @@character_set_client */;
/*!40101 SET character_set_client = utf8 */;
CREATE TABLE `cargos` (
  `id_cargo` int(11) NOT NULL AUTO_INCREMENT,
  `nm_cargo` varchar(30) NOT NULL,
  PRIMARY KEY (`id_cargo`)
) ENGINE=InnoDB AUTO_INCREMENT=12 DEFAULT CHARSET=latin1;
/*!40101 SET character_set_client = @saved_cs_client */;

--
-- Dumping data for table `cargos`
--

LOCK TABLES `cargos` WRITE;
/*!40000 ALTER TABLE `cargos` DISABLE KEYS */;
INSERT INTO `cargos` VALUES (1,'Professor'),(2,'Auxiliar de Classe'),(3,'Secretária'),(4,'Administrador'),(5,'Dirertor(a)'),(6,'Coordenador(a)'),(7,'Porteiro'),(8,'Aux. de Limpeza'),(9,'Cozinheiro(a)'),(10,'Aux. de Cozinha'),(11,'Estagiário(a)');
/*!40000 ALTER TABLE `cargos` ENABLE KEYS */;
UNLOCK TABLES;

--
-- Table structure for table `estado_civil`
--

DROP TABLE IF EXISTS `estado_civil`;
/*!40101 SET @saved_cs_client     = @@character_set_client */;
/*!40101 SET character_set_client = utf8 */;
CREATE TABLE `estado_civil` (
  `id_estado_civil` int(11) NOT NULL AUTO_INCREMENT,
  `nm_estado_civil` varchar(50) NOT NULL,
  PRIMARY KEY (`id_estado_civil`)
) ENGINE=InnoDB AUTO_INCREMENT=6 DEFAULT CHARSET=latin1;
/*!40101 SET character_set_client = @saved_cs_client */;

--
-- Dumping data for table `estado_civil`
--

LOCK TABLES `estado_civil` WRITE;
/*!40000 ALTER TABLE `estado_civil` DISABLE KEYS */;
INSERT INTO `estado_civil` VALUES (1,'Casado'),(2,'Divorciado'),(3,'Solteiro'),(4,'Separado'),(5,'Viuvo');
/*!40000 ALTER TABLE `estado_civil` ENABLE KEYS */;
UNLOCK TABLES;

--
-- Table structure for table `funcionarios`
--

DROP TABLE IF EXISTS `funcionarios`;
/*!40101 SET @saved_cs_client     = @@character_set_client */;
/*!40101 SET character_set_client = utf8 */;
CREATE TABLE `funcionarios` (
  `id_funcionario` int(11) NOT NULL AUTO_INCREMENT,
  `nm_funcionario` varchar(50) NOT NULL,
  `nm_natural` varchar(30) NOT NULL,
  `id_cargo` int(11) NOT NULL,
  `id_estado_civil` int(11) NOT NULL,
  `nm_conjugue` varchar(50) NOT NULL,
  `nu_cpf` varchar(15) NOT NULL,
  `nu_rg` varchar(30) NOT NULL,
  `nm_orgao` varchar(10) NOT NULL,
  `nu_carteira` varchar(10) NOT NULL,
  `nu_serie` varchar(5) NOT NULL,
  `id_graduacao` int(11) NOT NULL,
  `nm_experiencia` varchar(100) NOT NULL,
  `te_email` varchar(50) NOT NULL,
  `dt_nascimento` date NOT NULL,
  `id_sexo` varchar(1) NOT NULL,
  `nu_telefone` varchar(30) NOT NULL,
  `dt_admissao` date NOT NULL,
  `nm_logra` varchar(50) NOT NULL,
  `nu_logra` varchar(6) NOT NULL,
  `nm_compl` varchar(16) NOT NULL,
  `nu_cep` varchar(8) NOT NULL,
  `nm_bairro` varchar(30) NOT NULL,
  `nm_cidade` varchar(30) NOT NULL,
  `nm_uf` varchar(2) NOT NULL,
  `te_obs` varchar(100) NOT NULL,
  `id_status` int(11) NOT NULL,
  `id_usuario` int(11) NOT NULL,
  PRIMARY KEY (`id_funcionario`),
  KEY `id_status` (`id_status`),
  KEY `id_usuario` (`id_usuario`),
  KEY `id_estado` (`id_estado_civil`),
  KEY `id_cargo` (`id_cargo`),
  KEY `id_graduacao` (`id_graduacao`)
) ENGINE=InnoDB AUTO_INCREMENT=22 DEFAULT CHARSET=latin1;
/*!40101 SET character_set_client = @saved_cs_client */;

--
-- Dumping data for table `funcionarios`
--

LOCK TABLES `funcionarios` WRITE;
/*!40000 ALTER TABLE `funcionarios` DISABLE KEYS */;
INSERT INTO `funcionarios` VALUES (21,'Emily Silva De Sousa ','Bahiano',3,3,'','06395603507','1439228078','SSP/BA','','',3,'','','1996-04-25','F','991965910','0000-00-00','Manoel Inácio Da Costa','46','casa','40320030','Caixa D Agua','Salvador','BA','',0,54);
/*!40000 ALTER TABLE `funcionarios` ENABLE KEYS */;
UNLOCK TABLES;

--
-- Table structure for table `graduacoes`
--

DROP TABLE IF EXISTS `graduacoes`;
/*!40101 SET @saved_cs_client     = @@character_set_client */;
/*!40101 SET character_set_client = utf8 */;
CREATE TABLE `graduacoes` (
  `id_graduacao` int(11) NOT NULL AUTO_INCREMENT,
  `nm_graduacao` varchar(30) NOT NULL,
  PRIMARY KEY (`id_graduacao`)
) ENGINE=InnoDB AUTO_INCREMENT=5 DEFAULT CHARSET=latin1;
/*!40101 SET character_set_client = @saved_cs_client */;

--
-- Dumping data for table `graduacoes`
--

LOCK TABLES `graduacoes` WRITE;
/*!40000 ALTER TABLE `graduacoes` DISABLE KEYS */;
INSERT INTO `graduacoes` VALUES (1,'Fundamental'),(2,'Medio'),(3,'Superior'),(4,'Pós-graduado');
/*!40000 ALTER TABLE `graduacoes` ENABLE KEYS */;
UNLOCK TABLES;

--
-- Table structure for table `logs`
--

DROP TABLE IF EXISTS `logs`;
/*!40101 SET @saved_cs_client     = @@character_set_client */;
/*!40101 SET character_set_client = utf8 */;
CREATE TABLE `logs` (
  `id_log` int(11) NOT NULL AUTO_INCREMENT,
  `dt_log` date NOT NULL,
  `hr_log` varchar(5) NOT NULL,
  `id_usuario` int(11) NOT NULL,
  `id_acao` int(11) NOT NULL,
  `nm_objeto` varchar(50) NOT NULL,
  `nu_ip` varchar(50) NOT NULL,
  `nm_dispositivo` varchar(20) NOT NULL,
  PRIMARY KEY (`id_log`),
  KEY `id_usuario` (`id_usuario`,`id_acao`)
) ENGINE=MyISAM AUTO_INCREMENT=2999 DEFAULT CHARSET=latin1;
/*!40101 SET character_set_client = @saved_cs_client */;

--
-- Dumping data for table `logs`
--

LOCK TABLES `logs` WRITE;
/*!40000 ALTER TABLE `logs` DISABLE KEYS */;
INSERT INTO `logs` VALUES (2663,'2018-11-28','13:10',56,5,'Login','200.152.43.203',''),(2662,'2018-11-28','11:27',56,5,'Login','200.152.43.203',''),(2664,'2018-11-28','14:06',56,5,'Login','200.152.43.203',''),(2665,'2018-11-28','14:53',56,5,'Login','200.152.43.203',''),(2666,'2018-11-28','17:12',56,5,'Login','170.79.21.18',''),(2667,'2018-11-29','08:28',56,5,'Login','200.152.43.203',''),(2668,'2018-11-29','09:53',56,5,'Login','200.152.43.203',''),(2669,'2018-11-29','11:53',56,5,'Login','200.152.43.203',''),(2670,'2018-11-29','17:31',56,5,'Login','170.79.21.18',''),(2671,'2018-11-30','00:18',56,5,'Login','170.79.21.18',''),(2672,'2018-11-30','00:24',56,5,'Login','170.79.21.18',''),(2673,'2018-11-30','01:37',56,5,'Login','170.79.21.18',''),(2674,'2018-11-30','07:57',56,5,'Login','170.79.21.18',''),(2675,'2018-11-30','09:04',56,5,'Login','200.152.43.203',''),(2676,'2018-11-30','09:47',56,5,'Login','200.152.43.203',''),(2677,'2018-11-30','10:09',56,5,'Login','200.152.43.203',''),(2678,'2018-11-30','11:00',56,5,'Login','200.152.43.203',''),(2679,'2018-11-30','11:51',54,5,'Login','177.99.44.46',''),(2680,'2018-11-30','11:52',54,2,'Matrícula','177.99.44.46',''),(2681,'2018-11-30','16:14',56,5,'Login','200.152.43.203',''),(2682,'2018-11-30','18:30',56,5,'Login','170.79.21.18',''),(2683,'2018-11-30','18:38',56,5,'Login','170.79.21.18','Computador'),(2684,'2018-11-30','19:01',56,5,'Login','170.79.21.18','Computador'),(2685,'2018-12-02','15:37',56,5,'Login','170.79.21.18','android'),(2686,'2018-12-02','15:46',56,5,'Login','170.79.21.18','android'),(2687,'2018-12-02','16:42',56,1,'Analgésico','170.79.21.18',''),(2688,'2018-12-02','16:59',56,3,'Analgésico','170.79.21.18',''),(2689,'2018-12-02','17:43',56,2,'Analgésico','170.79.21.18',''),(2690,'2018-12-02','17:43',56,2,'Analgésico','170.79.21.18',''),(2691,'2018-12-02','20:29',56,5,'Login','170.79.21.18','android'),(2692,'2018-12-02','20:30',56,1,'Analgésico','170.79.21.18',''),(2693,'2018-12-02','20:30',56,3,'Analgésico','170.79.21.18',''),(2694,'2018-12-03','07:59',56,5,'Login','200.152.43.203','Computador'),(2695,'2018-12-04','10:11',54,5,'Login','189.115.190.80','Computador'),(2696,'2018-12-04','10:24',54,1,'Aluno','189.115.190.80',''),(2697,'2018-12-04','10:40',54,1,'Aluno','189.115.190.80',''),(2698,'2018-12-04','10:41',54,1,'Matrícula','189.115.190.80',''),(2699,'2018-12-04','13:56',56,5,'Login','200.152.43.203','Computador'),(2700,'2018-12-05','16:16',58,5,'Login inválido','177.207.17.82','Computador'),(2701,'2018-12-05','16:16',54,5,'Login','177.207.17.82','Computador'),(2702,'2018-12-05','16:22',54,1,'Aluno','177.207.17.82',''),(2703,'2018-12-06','10:00',54,5,'Login','177.98.233.227','Computador'),(2704,'2018-12-06','10:05',54,1,'Aluno','177.16.244.47',''),(2705,'2018-12-06','16:16',56,5,'Login','200.152.43.203','Computador'),(2706,'2018-12-07','09:32',56,5,'Login','200.152.43.203','Computador'),(2707,'2018-12-10','11:38',54,5,'Login','186.214.229.180','Computador'),(2708,'2018-12-10','11:49',56,5,'Login','200.152.43.203','Computador'),(2709,'2018-12-10','11:56',54,2,'Matrícula','186.214.229.180',''),(2710,'2018-12-10','13:39',56,5,'Login','200.152.43.203','Computador'),(2711,'2018-12-10','15:20',54,1,'Aluno','177.98.235.17',''),(2712,'2018-12-10','15:21',54,1,'Matrícula','177.98.235.17',''),(2713,'2018-12-10','15:49',54,1,'Aluno','179.181.6.38',''),(2714,'2018-12-10','16:04',54,1,'Aluno','179.181.6.38',''),(2715,'2018-12-10','16:48',54,1,'Aluno','177.99.63.110',''),(2716,'2018-12-11','08:48',54,5,'Login','177.158.208.117','Computador'),(2717,'2018-12-11','08:52',54,1,'Aluno','177.158.208.117',''),(2718,'2018-12-11','13:48',56,5,'Login','177.79.85.37','android'),(2719,'2018-12-11','14:07',54,2,'Matrícula','179.177.183.141',''),(2720,'2018-12-11','14:09',54,2,'Aluno','179.177.183.141',''),(2721,'2018-12-11','14:17',56,5,'Login','177.79.90.177','android'),(2722,'2018-12-11','14:36',54,1,'Aluno','179.177.183.141',''),(2723,'2018-12-11','15:12',54,1,'Aluno','177.98.224.251',''),(2724,'2018-12-11','15:31',54,1,'Aluno','177.98.224.251',''),(2725,'2018-12-11','15:33',54,1,'Matrícula','177.98.224.251',''),(2726,'2018-12-11','15:35',54,2,'Matrícula','177.98.224.251',''),(2727,'2018-12-11','15:37',54,2,'Aluno','177.98.224.251',''),(2728,'2018-12-11','16:30',54,1,'Aluno','177.98.224.251',''),(2729,'2018-12-11','16:37',54,1,'Matrícula','177.98.224.251',''),(2730,'2018-12-11','16:50',54,1,'Aluno','177.98.224.251',''),(2731,'2018-12-11','17:03',54,1,'Aluno','177.98.224.251',''),(2732,'2018-12-11','17:05',54,1,'Matrícula','177.98.224.251',''),(2733,'2018-12-11','17:15',54,1,'Aluno','177.98.224.251',''),(2734,'2018-12-11','17:21',54,2,'Matrícula','177.98.224.251',''),(2735,'2018-12-11','17:33',54,1,'Aluno','177.98.224.251',''),(2736,'2018-12-12','08:42',56,5,'Login','200.152.43.195','Computador'),(2737,'2018-12-12','08:45',56,5,'Login','200.152.43.195','Computador'),(2738,'2018-12-12','09:19',56,5,'Login','200.152.43.195','Computador'),(2739,'2018-12-12','10:22',54,5,'Login','177.98.230.160','Computador'),(2740,'2018-12-12','10:28',54,1,'Aluno','177.98.230.160',''),(2741,'2018-12-12','10:29',54,1,'Matrícula','177.98.230.160',''),(2742,'2018-12-13','14:46',54,5,'Login','179.183.124.227','Computador'),(2743,'2018-12-13','14:50',54,2,'Matrícula','179.183.124.227',''),(2744,'2018-12-13','14:55',54,1,'Aluno','179.183.124.227',''),(2745,'2018-12-13','14:56',54,1,'Matrícula','179.183.124.227',''),(2746,'2018-12-13','15:23',54,2,'Matrícula','177.98.238.245',''),(2747,'2018-12-13','15:24',54,2,'Aluno','177.98.238.245',''),(2748,'2018-12-13','15:25',54,2,'Matrícula','177.98.238.245',''),(2749,'2018-12-13','15:26',54,2,'Matrícula','177.98.238.245',''),(2750,'2018-12-17','19:00',58,5,'abc','170.79.21.18','Computador'),(2751,'2018-12-17','19:00',56,5,'Login','170.79.21.18','Computador'),(2752,'2018-12-18','08:26',58,5,'millyssousa20@gmail.com','187.59.133.92','Computador'),(2753,'2018-12-18','08:26',54,5,'Login','187.59.133.92','Computador'),(2754,'2018-12-18','08:31',54,2,'Matrícula','187.59.133.92',''),(2755,'2018-12-18','08:33',54,2,'Aluno','187.59.133.92',''),(2756,'2018-12-18','10:06',58,5,'millyssousa20@gmail.com','187.59.133.92','Computador'),(2757,'2018-12-18','10:06',58,5,'millyssousa20@gmail.com','187.59.133.92','Computador'),(2758,'2018-12-18','10:06',54,5,'Login','187.59.133.92','Computador'),(2759,'2018-12-18','10:10',54,1,'Aluno','187.59.133.92',''),(2760,'2018-12-18','10:32',54,2,'Matrícula','187.59.133.92',''),(2761,'2018-12-18','10:32',54,2,'Matrícula','187.59.133.92',''),(2762,'2018-12-18','10:34',54,2,'Aluno','187.59.133.92',''),(2763,'2018-12-18','10:53',54,1,'Aluno','187.59.133.92',''),(2764,'2018-12-18','10:54',54,1,'Matrícula','187.59.133.92',''),(2765,'2018-12-18','14:51',54,1,'Aluno','187.59.133.92',''),(2766,'2018-12-18','15:10',54,2,'Matrícula','187.59.133.92',''),(2767,'2018-12-18','15:11',54,2,'Aluno','187.59.133.92',''),(2768,'2018-12-18','15:22',56,5,'Login','177.79.86.181','android'),(2769,'2018-12-18','15:36',54,1,'Aluno','187.59.133.92',''),(2770,'2018-12-19','09:00',54,5,'Login','177.99.33.91','Computador'),(2771,'2018-12-19','09:05',54,1,'Aluno','177.99.33.91',''),(2772,'2018-12-19','09:05',54,2,'Aluno','177.99.33.91',''),(2773,'2018-12-19','09:28',54,2,'Matrícula','177.99.33.91',''),(2774,'2018-12-19','09:36',54,2,'Aluno','177.99.33.91',''),(2775,'2018-12-19','11:23',54,1,'Aluno','177.99.33.91',''),(2776,'2018-12-19','11:24',54,1,'Matrícula','177.99.33.91',''),(2777,'2018-12-19','16:27',54,2,'Aluno','177.42.193.153',''),(2778,'2018-12-19','16:27',54,2,'Aluno','177.42.193.153',''),(2779,'2018-12-19','16:27',54,2,'Aluno','177.42.193.153',''),(2780,'2018-12-19','16:29',54,2,'Matrícula','177.42.193.153',''),(2781,'2018-12-19','16:39',54,2,'Aluno','177.42.193.153',''),(2782,'2018-12-19','16:41',54,2,'Matrícula','177.42.193.153',''),(2783,'2018-12-19','16:42',54,2,'Aluno','177.42.193.153',''),(2784,'2018-12-19','16:46',54,2,'Aluno','177.42.193.153',''),(2785,'2018-12-19','16:47',54,2,'Aluno','177.42.193.153',''),(2786,'2018-12-19','16:47',54,2,'Aluno','177.42.193.153',''),(2787,'2018-12-20','09:16',54,5,'Login','187.114.173.199','Computador'),(2788,'2018-12-20','09:17',54,2,'Matrícula','187.114.173.199',''),(2789,'2018-12-20','09:57',54,1,'Aluno','187.114.173.199',''),(2790,'2018-12-20','10:04',54,2,'Aluno','187.114.173.199',''),(2791,'2018-12-20','10:06',54,2,'Aluno','187.114.173.199',''),(2792,'2018-12-20','10:18',54,3,'Matrícula','187.114.173.199',''),(2793,'2018-12-20','10:48',54,1,'Aluno','187.114.173.199',''),(2794,'2018-12-20','10:51',54,1,'Matrícula','187.114.173.199',''),(2795,'2018-12-20','11:02',54,1,'Aluno','187.114.173.199',''),(2796,'2018-12-20','11:08',58,5,'millyssousa20@gmail.com','187.114.173.199','Computador'),(2797,'2018-12-20','11:08',54,5,'Login','187.114.173.199','Computador'),(2798,'2018-12-20','11:16',54,1,'Aluno','187.114.173.199',''),(2799,'2018-12-20','11:27',54,2,'Aluno','187.114.173.199',''),(2800,'2018-12-20','11:39',54,1,'Aluno','187.114.173.199',''),(2801,'2018-12-20','11:39',54,1,'Matrícula','187.114.173.199',''),(2802,'2018-12-20','12:14',54,2,'Matrícula','187.114.173.199',''),(2803,'2018-12-20','13:45',54,2,'Matrícula','187.114.173.199',''),(2804,'2018-12-20','14:10',54,1,'Aluno','179.182.20.96',''),(2805,'2018-12-20','14:12',54,1,'Responsável','179.182.20.96',''),(2806,'2018-12-20','14:24',54,1,'Aluno','177.42.203.123',''),(2807,'2018-12-20','15:49',54,2,'Aluno','177.42.203.123',''),(2808,'2018-12-20','15:53',54,2,'Matrícula','177.42.203.123',''),(2809,'2018-12-20','17:14',56,5,'Login','170.79.21.18','Computador'),(2810,'2018-12-21','07:39',54,5,'Login','187.59.203.66','Computador'),(2811,'2018-12-21','07:44',54,1,'Aluno','187.59.203.66',''),(2812,'2018-12-21','07:44',54,1,'Matrícula','187.59.203.66',''),(2813,'2018-12-21','08:03',54,1,'Aluno','187.59.203.66',''),(2814,'2018-12-21','08:18',54,1,'Aluno','187.59.203.66',''),(2815,'2018-12-21','08:18',54,2,'Aluno','187.59.203.66',''),(2816,'2018-12-21','08:21',56,5,'Login','200.152.43.203','Computador'),(2817,'2018-12-21','08:43',54,2,'Matrícula','187.59.203.66',''),(2818,'2018-12-21','09:02',54,1,'Aluno','187.59.203.66',''),(2819,'2018-12-21','09:19',54,1,'Aluno','187.59.203.66',''),(2820,'2018-12-21','09:45',54,1,'Aluno','187.59.203.66',''),(2821,'2018-12-21','09:47',54,2,'Matrícula','187.59.203.66',''),(2822,'2018-12-21','09:48',54,2,'Aluno','187.59.203.66',''),(2823,'2018-12-21','10:15',54,1,'Aluno','187.59.203.66',''),(2824,'2018-12-21','10:17',54,1,'Matrícula','187.59.203.66',''),(2825,'2018-12-21','10:32',54,1,'Aluno','187.59.203.66',''),(2826,'2018-12-21','10:35',54,2,'Matrícula','187.59.203.66',''),(2827,'2018-12-21','10:36',54,2,'Matrícula','187.59.203.66',''),(2828,'2018-12-21','10:53',54,1,'Aluno','187.59.203.66',''),(2829,'2018-12-21','11:24',54,1,'Aluno','187.59.203.66',''),(2830,'2018-12-21','11:37',54,1,'Aluno','187.59.203.66',''),(2831,'2018-12-21','11:58',54,5,'Login','187.59.203.66','Computador'),(2832,'2018-12-21','12:06',54,2,'Matrícula','187.59.203.66',''),(2833,'2018-12-21','13:38',54,1,'Aluno','187.59.203.66',''),(2834,'2018-12-21','13:42',54,2,'Matrícula','187.59.203.66',''),(2835,'2018-12-21','14:06',54,1,'Aluno','187.59.203.66',''),(2836,'2018-12-21','14:20',54,2,'Matrícula','187.59.203.66',''),(2837,'2018-12-21','14:45',54,1,'Aluno','187.59.203.66',''),(2838,'2018-12-21','14:47',54,1,'Matrícula','187.59.203.66',''),(2839,'2018-12-21','15:30',54,1,'Aluno','187.59.203.66',''),(2840,'2018-12-21','15:54',54,1,'Aluno','187.59.203.66',''),(2841,'2018-12-21','16:15',54,1,'Aluno','187.59.203.66',''),(2842,'2018-12-21','16:29',54,1,'Aluno','187.59.203.66',''),(2843,'2018-12-26','08:44',54,5,'Login','177.42.231.131','Computador'),(2844,'2018-12-26','08:56',54,1,'Aluno','177.42.231.131',''),(2845,'2018-12-26','09:02',54,1,'Aluno','177.42.231.131',''),(2846,'2018-12-26','09:03',54,1,'Matrícula','177.42.231.131',''),(2847,'2018-12-26','09:05',54,2,'Matrícula','177.42.231.131',''),(2848,'2018-12-26','09:08',54,2,'Aluno','177.42.231.131',''),(2849,'2018-12-26','09:11',54,1,'Matrícula','177.42.231.131',''),(2850,'2018-12-26','09:12',54,2,'Matrícula','177.42.231.131',''),(2851,'2018-12-26','09:23',54,1,'Aluno','177.42.231.131',''),(2852,'2018-12-26','09:35',54,1,'Aluno','177.42.231.131',''),(2853,'2018-12-26','10:15',54,5,'Login','177.42.231.131','Computador'),(2854,'2018-12-26','10:27',54,5,'Login','177.42.231.131','Computador'),(2855,'2018-12-26','10:31',54,1,'Aluno','177.42.231.131',''),(2856,'2018-12-26','10:32',54,1,'Matrícula','177.42.231.131',''),(2857,'2018-12-26','15:08',54,2,'Matrícula','177.207.90.217',''),(2858,'2018-12-26','16:20',54,1,'Aluno','177.207.90.217',''),(2859,'2018-12-26','16:21',54,1,'Matrícula','177.207.90.217',''),(2860,'2018-12-26','18:40',56,5,'Login','170.79.21.18','Computador'),(2861,'2018-12-26','18:45',56,5,'Login','170.79.21.18','Computador'),(2862,'2018-12-27','14:19',58,5,'millyssousa20@gmail.com','177.207.90.217','Computador'),(2863,'2018-12-27','14:19',58,5,'millyssousa20@gmail.com','177.207.90.217','Computador'),(2864,'2018-12-27','14:19',54,5,'Login','177.207.90.217','Computador'),(2865,'2018-12-27','14:20',54,2,'Matrícula','177.207.90.217',''),(2866,'2018-12-28','08:26',58,5,'millyssousa20@gmail.com','177.207.90.217','Computador'),(2867,'2018-12-28','08:26',54,5,'Login','177.207.90.217','Computador'),(2868,'2018-12-28','11:26',54,5,'Login','177.207.90.217','Computador'),(2869,'2018-12-28','11:29',54,5,'Login','177.207.90.217','Computador'),(2870,'2018-12-28','11:35',54,1,'Aluno','177.207.90.217',''),(2871,'2018-12-28','11:37',54,1,'Matrícula','177.207.90.217',''),(2872,'2018-12-28','11:50',54,1,'Aluno','177.207.90.217',''),(2873,'2019-01-02','10:19',56,5,'Login','200.152.43.203','Computador'),(2874,'2019-01-02','11:03',56,5,'Login','200.152.43.203','Computador'),(2875,'2019-01-02','14:28',54,5,'Login','177.134.165.219','Computador'),(2876,'2019-01-02','14:31',54,1,'Aluno','177.134.165.219',''),(2877,'2019-01-02','14:33',54,2,'Matrícula','177.134.165.219',''),(2878,'2019-01-03','08:58',58,5,'millyssousa20@gmail.com','177.158.221.174','Computador'),(2879,'2019-01-03','08:58',54,5,'Login','177.158.221.174','Computador'),(2880,'2019-01-03','09:06',54,1,'Aluno','177.158.221.174',''),(2881,'2019-01-03','09:06',54,5,'Login','177.158.221.174','Computador'),(2882,'2019-01-03','09:08',54,1,'Matrícula','177.158.221.174',''),(2883,'2019-01-03','09:10',54,2,'Aluno','177.158.221.174',''),(2884,'2019-01-03','09:18',54,1,'Aluno','177.158.221.174',''),(2885,'2019-01-03','11:27',54,2,'Aluno','177.158.221.174',''),(2886,'2019-01-03','11:29',54,2,'Matrícula','177.158.221.174',''),(2887,'2019-01-04','08:30',54,5,'Login','177.158.221.174','Computador'),(2888,'2019-01-04','09:37',54,5,'Login','177.158.221.174','Computador'),(2889,'2019-01-04','15:00',54,1,'Aluno','177.158.221.174',''),(2890,'2019-01-04','15:03',54,1,'Matrícula','177.158.221.174',''),(2891,'2019-01-07','08:24',58,5,'millyssousa20@gmail.com','177.43.140.139','Computador'),(2892,'2019-01-07','08:24',58,5,'','177.43.140.139','Computador'),(2893,'2019-01-07','08:25',58,5,'millyssousa20@gmail.com','177.43.140.139','Computador'),(2894,'2019-01-07','08:26',58,5,'millyssousa20@gmail.com','177.43.140.139','Computador'),(2895,'2019-01-07','08:27',54,5,'Login','177.43.140.139','Computador'),(2896,'2019-01-07','08:29',54,2,'Matrícula','177.43.140.139',''),(2897,'2019-01-07','08:36',54,5,'Login','177.43.140.139','Computador'),(2898,'2019-01-07','09:27',54,1,'Aluno','177.43.140.139',''),(2899,'2019-01-07','09:29',54,1,'Matrícula','177.43.140.139',''),(2900,'2019-01-07','10:43',54,1,'Aluno','177.43.140.139',''),(2901,'2019-01-07','10:44',54,1,'Matrícula','177.43.140.139',''),(2902,'2019-01-07','11:03',54,1,'Aluno','177.43.140.139',''),(2903,'2019-01-07','11:21',54,1,'Aluno','177.43.140.139',''),(2904,'2019-01-07','11:22',54,1,'Matrícula','177.43.140.139',''),(2905,'2019-01-07','14:10',54,5,'Login','177.98.236.158','Computador'),(2906,'2019-01-07','14:21',54,1,'Aluno','177.98.236.158',''),(2907,'2019-01-07','14:26',54,1,'Responsável','177.98.236.158',''),(2908,'2019-01-07','17:03',54,1,'Aluno','186.214.229.20',''),(2909,'2019-01-07','17:04',54,2,'Aluno','186.214.229.20',''),(2910,'2019-01-07','17:08',54,1,'Aluno','186.214.229.20',''),(2911,'2019-01-07','17:48',56,5,'Login','170.79.21.18','Computador'),(2912,'2019-01-08','08:33',54,5,'Login','177.134.174.5','Computador'),(2913,'2019-01-08','15:10',54,5,'Login','186.214.140.169','Computador'),(2914,'2019-01-08','15:19',54,1,'Aluno','186.214.140.169',''),(2915,'2019-01-08','15:22',54,2,'Matrícula','186.214.140.169',''),(2916,'2019-01-08','15:26',54,2,'Aluno','186.214.140.169',''),(2917,'2019-01-08','15:32',54,2,'Matrícula','186.214.140.169',''),(2918,'2019-01-08','15:33',54,2,'Aluno','186.214.140.169',''),(2919,'2019-01-08','15:48',54,2,'Matrícula','186.214.140.169',''),(2920,'2019-01-08','16:34',54,2,'Matrícula','186.214.140.169',''),(2921,'2019-01-08','17:06',54,5,'Login','186.214.140.169','Computador'),(2922,'2019-01-08','17:07',54,2,'Aluno','186.214.140.169',''),(2923,'2019-01-08','17:13',54,1,'Aluno','186.214.140.169',''),(2924,'2019-01-08','17:14',54,1,'Matrícula','186.214.140.169',''),(2925,'2019-01-09','09:01',58,5,'millyssousa20@gmail.com','189.115.146.241','Computador'),(2926,'2019-01-09','09:01',54,5,'Login','189.115.146.241','Computador'),(2927,'2019-01-09','09:05',54,1,'Aluno','189.115.146.241',''),(2928,'2019-01-09','09:44',54,5,'Login','189.115.146.241','Computador'),(2929,'2019-01-09','10:15',58,5,'millyssousa20@gmail.com ','189.115.146.241','Computador'),(2930,'2019-01-09','10:16',54,5,'Login','189.115.146.241','Computador'),(2931,'2019-01-09','10:30',54,1,'Aluno','189.115.146.241',''),(2932,'2019-01-09','10:32',54,1,'Aluno','189.115.146.241',''),(2933,'2019-01-09','10:34',54,1,'Responsável','189.115.146.241',''),(2934,'2019-01-09','12:07',54,1,'Aluno','189.115.146.241',''),(2935,'2019-01-09','14:11',54,2,'Matrícula','189.115.146.241',''),(2936,'2019-01-09','14:13',54,2,'Aluno','189.115.146.241',''),(2937,'2019-01-09','14:21',54,5,'Login','189.115.146.241','Computador'),(2938,'2019-01-09','14:23',54,2,'Matrícula','189.115.146.241',''),(2939,'2019-01-09','14:24',54,2,'Aluno','189.115.146.241',''),(2940,'2019-01-09','15:33',54,1,'Aluno','189.115.146.241',''),(2941,'2019-01-09','15:37',54,1,'Responsável','189.115.146.241',''),(2942,'2019-01-10','08:18',54,5,'Login','177.99.25.124','Computador'),(2943,'2019-01-10','08:26',54,1,'Aluno','177.99.25.124',''),(2944,'2019-01-10','08:43',54,1,'Aluno','177.99.25.124',''),(2945,'2019-01-10','08:51',58,5,'millyssousa20@gmail.com','177.99.25.124','Computador'),(2946,'2019-01-10','08:51',58,5,'millyssousa20@gmail.com','177.99.25.124','Computador'),(2947,'2019-01-10','08:51',54,5,'Login','177.99.25.124','Computador'),(2948,'2019-01-10','08:52',54,2,'Aluno','177.99.25.124',''),(2949,'2019-01-10','08:52',54,2,'Aluno','177.99.25.124',''),(2950,'2019-01-11','11:59',54,5,'Login','191.251.219.150','Computador'),(2951,'2019-01-11','12:00',58,5,'millyssousa20@gmail.com','191.251.219.150','Computador'),(2952,'2019-01-11','12:00',58,5,'millyssousa20@gmail.com','191.251.219.150','Computador'),(2953,'2019-01-11','12:00',54,5,'Login','191.251.219.150','Computador'),(2954,'2019-01-11','12:01',54,2,'Matrícula','191.251.219.150',''),(2955,'2019-01-11','13:12',56,5,'Login','200.152.43.203','Computador'),(2956,'2019-01-11','14:06',54,1,'Aluno','191.251.219.150',''),(2957,'2019-01-11','16:38',54,1,'Aluno','179.178.238.130',''),(2958,'2019-01-14','10:55',54,5,'Login','177.16.252.83','Computador'),(2959,'2019-01-14','11:02',54,1,'Aluno','177.16.252.83',''),(2960,'2019-01-14','11:03',54,1,'Matrícula','177.16.252.83',''),(2961,'2019-01-14','12:48',54,1,'Aluno','177.16.252.83',''),(2962,'2019-01-14','12:50',54,1,'Matrícula','177.16.252.83',''),(2963,'2019-01-14','13:25',54,5,'Login','177.16.252.83','Computador'),(2964,'2019-01-14','13:27',54,2,'Matrícula','177.16.252.83',''),(2965,'2019-01-14','13:27',54,2,'Aluno','177.16.252.83',''),(2966,'2019-01-14','13:30',54,2,'Matrícula','177.16.252.83',''),(2967,'2019-01-14','13:32',54,2,'Aluno','177.16.252.83',''),(2968,'2019-01-14','16:46',54,1,'Matrícula','177.16.252.83',''),(2969,'2019-01-15','08:29',54,5,'Login','187.58.183.199','Computador'),(2970,'2019-01-15','08:32',54,1,'Aluno','187.58.183.199',''),(2971,'2019-01-15','09:04',54,2,'Aluno','187.58.183.199',''),(2972,'2019-01-15','09:05',54,2,'Matrícula','187.58.183.199',''),(2973,'2019-01-15','10:20',54,1,'Aluno','187.58.183.199',''),(2974,'2019-01-15','10:23',54,1,'Matrícula','187.58.183.199',''),(2975,'2019-01-15','10:57',54,5,'Login','187.58.183.199','Computador'),(2976,'2019-01-15','13:52',54,5,'Login','187.58.183.199','Computador'),(2977,'2019-01-15','13:58',54,1,'Aluno','187.58.183.199',''),(2978,'2019-01-15','14:05',54,1,'Responsável','187.58.183.199',''),(2979,'2019-01-15','15:58',54,1,'Aluno','177.158.192.178',''),(2980,'2019-01-15','16:02',54,1,'Aluno','177.158.192.178',''),(2981,'2019-01-15','16:47',56,5,'Login','170.79.21.18','Computador'),(2982,'2019-01-15','17:12',56,5,'Login','170.79.21.18','Computador'),(2983,'2019-01-16','08:09',54,5,'Login','177.158.218.181','Computador'),(2984,'2019-01-16','08:17',56,5,'Login','200.152.43.203','Computador'),(2985,'2019-01-16','09:52',54,5,'Login','177.158.218.181','Computador'),(2986,'2019-01-16','10:00',54,1,'Aluno','177.158.218.181',''),(2987,'2019-01-16','10:02',54,1,'Matrícula','177.158.218.181',''),(2988,'2019-01-16','12:30',54,2,'Aluno','177.158.218.181',''),(2989,'2019-01-16','12:31',54,2,'Aluno','177.158.218.181',''),(2990,'2019-01-16','12:32',54,2,'Aluno','177.158.218.181',''),(2991,'2019-01-16','12:32',54,2,'Aluno','177.158.218.181',''),(2992,'2019-01-16','13:30',56,5,'Login','200.152.43.203','Computador'),(2993,'2019-01-16','14:19',54,5,'Login','177.158.218.181','Computador'),(2994,'2019-01-16','14:24',54,1,'Aluno','177.158.218.181',''),(2995,'2019-01-17','09:06',58,5,'millyssousa20@gmail.com ','179.183.120.187','Computador'),(2996,'2019-01-17','09:06',54,5,'Login','179.183.120.187','Computador'),(2997,'2019-01-17','09:18',54,3,'Analgésico','179.183.120.187',''),(2998,'2019-01-17','09:22',56,5,'Login','177.79.91.221','android');
/*!40000 ALTER TABLE `logs` ENABLE KEYS */;
UNLOCK TABLES;

--
-- Table structure for table `matriculas`
--

DROP TABLE IF EXISTS `matriculas`;
/*!40101 SET @saved_cs_client     = @@character_set_client */;
/*!40101 SET character_set_client = utf8 */;
CREATE TABLE `matriculas` (
  `id_matricula` int(11) NOT NULL AUTO_INCREMENT,
  `nu_matricula` int(11) NOT NULL,
  `nu_cpf` varchar(11) NOT NULL,
  `nu_rg` varchar(20) NOT NULL,
  `id_aluno` int(11) NOT NULL,
  `id_turno` int(11) NOT NULL,
  `in_almoco` int(11) NOT NULL,
  `in_responsavel` int(11) NOT NULL,
  `id_serie` int(11) NOT NULL,
  `vl_matricula` varchar(10) NOT NULL,
  `nu_ano` int(11) NOT NULL,
  `te_obs` varchar(100) NOT NULL,
  `dt_matricula` date NOT NULL,
  `id_status` int(11) NOT NULL,
  `st_controle` int(11) NOT NULL,
  `id_usuario` int(11) NOT NULL,
  PRIMARY KEY (`id_matricula`),
  KEY `id_aluno` (`id_aluno`),
  KEY `id_status` (`id_status`,`id_usuario`),
  KEY `id_serie` (`id_serie`)
) ENGINE=InnoDB AUTO_INCREMENT=285 DEFAULT CHARSET=latin1;
/*!40101 SET character_set_client = @saved_cs_client */;

--
-- Dumping data for table `matriculas`
--

LOCK TABLES `matriculas` WRITE;
/*!40000 ALTER TABLE `matriculas` DISABLE KEYS */;
INSERT INTO `matriculas` VALUES (87,0,'81690258500','749385847',381,3,2,1,1,'652.69',2018,'','2018-05-07',0,0,54),(88,0,'94266204515','0660035804',390,1,2,1,4,'3410,00',2019,'PAGOU A MATRÍCULA COM DECONTO','2018-05-18',0,0,54),(93,0,'00697783537','0801612861',399,3,1,1,1,'7920,00',2019,'PAGOU A MATRÍCULA COM DESCONTO','2018-06-19',0,0,54),(94,0,'01298474531','0859361381',400,3,1,2,1,'7356.00',2018,'','2018-06-19',0,0,54),(95,0,'95852816515','0776476610',401,3,1,2,1,'6951.16',2018,'','2018-06-19',0,0,54),(96,0,'01011734583','0887316000',402,1,2,2,1,'3499.92',2018,'','2018-06-19',0,0,54),(97,0,'82951772572','783707010',403,3,1,1,1,'7832.28',2018,'','2018-06-19',0,0,54),(98,0,'06873125580','1442072300',404,1,2,2,2,'3889.44',2019,'','2018-06-19',0,0,54),(99,0,'01678925500','849203511',405,3,1,2,1,'3889.44',2018,'','2018-06-19',0,0,54),(100,0,'91707870500','0860426610',406,2,2,1,2,'351.48',2018,'','2018-06-19',0,0,54),(101,0,'68915608534','0750199490',407,1,2,2,4,'3222.00',2019,'','2018-06-20',0,0,54),(102,0,'02032290537','1140565524',408,2,2,1,2,'3222.00',2018,'','2018-06-20',0,0,54),(105,0,'85053007500','0950362107',409,3,1,2,4,'7920,00',2018,'','2018-06-20',0,0,54),(106,0,'92074162553','0848256930',410,2,2,2,2,'3222.00',2018,'','2018-06-20',0,0,54),(107,0,'02131266561','0939251310',411,1,1,1,4,'3720,00',2019,'','2018-06-20',0,0,54),(108,0,'02381864580','961221615',412,1,2,2,2,'3222.00',2018,'','2018-06-20',0,0,54),(109,0,'04201631583','1177443449',413,3,1,3,2,'6954.00',2018,'','2018-06-20',0,1,54),(110,0,'45859442572','320715078',414,1,1,1,2,'3508.80',2018,'','2018-06-20',0,0,54),(111,0,'66976359591','0381107175',415,3,1,2,2,'6954.00',2018,'','2018-06-20',0,0,54),(112,0,'02330575521','1017575738',416,1,2,1,2,'3222.00',2018,'','2018-06-21',0,0,54),(113,0,'03704237558','1470069539',417,3,1,2,2,'6954.00',2018,'','2018-06-21',0,0,54),(114,0,'02963091508','1206126906',418,3,1,1,2,'6954.00',2018,'','2018-06-21',0,0,54),(115,0,'02787408559','1164447203',419,1,2,2,4,'3720,00',2019,'PAGOU A MATRÍCULA COM DESCONTO','2018-06-21',0,0,54),(116,0,'00679966552','0843089237',420,1,2,1,2,'3222.00',2018,'','2018-06-21',0,0,54),(117,0,'05217680555','1394519869',421,2,2,1,4,'3360,00',2019,'','2018-06-21',0,0,54),(118,0,'80851274587','0763262412',422,2,2,2,4,'3720,00',2019,'','2018-06-21',0,0,54),(119,0,'58714405504','347214325',423,2,2,1,2,'3222.00',2018,'','2018-06-21',0,0,54),(120,0,'03316123563','1148287760',424,2,2,2,2,'3222.00',2018,'','2018-06-21',0,0,54),(121,0,'03661007505','1458866890',425,2,2,1,4,'3222.00',2019,'','2018-06-21',0,0,54),(122,0,'21399247549','0276516818',426,2,2,1,2,'3528.00',2018,'','2018-06-21',0,0,54),(123,0,'04639524560','1527685993',427,2,2,2,2,'3028.68',2018,'','2018-06-21',0,0,54),(124,0,'03765122530','1281644250',428,1,2,1,2,'3222.00',2018,'','2018-06-21',0,0,54),(125,0,'78897483534','0641277024',430,1,2,2,5,'3222.00',2019,'','2018-06-28',0,0,54),(126,0,'05361123552','1403910294',431,2,2,2,4,'3864.00',2018,'','2018-06-28',0,0,54),(127,0,'80514715553','0692040048',432,3,1,2,5,'6954.00',2018,'','2018-06-29',0,0,54),(128,0,'92053017520','0568647874',433,1,2,2,5,'2973.12',2019,'','2018-06-29',0,0,54),(129,0,'78710960520','0591618680',434,3,1,2,4,'6954.00',2018,'','2018-06-29',0,0,54),(130,0,'78305071553','0559865104',435,1,2,2,4,'3528.00',2018,'','2018-08-23',0,0,54),(131,0,'01733841539','0810114151',436,3,1,2,4,'6954.00',2018,'','2018-08-23',0,0,54),(132,0,'04264447526','1112294139',437,2,2,2,4,'3222.00',2018,'','2018-08-23',0,0,54),(133,0,'00420020527','0586567402',438,2,2,2,4,'3510.00',2018,'','2018-08-23',0,0,54),(134,0,'12411531591','0182505642',439,2,2,3,4,'3360.00',2018,'','2018-08-23',0,1,54),(135,0,'79535720520','0671908634',440,2,2,2,5,'3720,00',2019,'','2018-08-24',0,0,54),(136,0,'80765858568','0737610280',441,1,2,2,4,'3222.00',2018,'','2018-08-24',0,0,54),(137,0,'04349151575','1286797942',442,1,2,1,4,'3540.00',2018,'','2018-08-24',0,0,54),(138,0,'80765866587','0790676974',443,2,2,2,4,'3060.84',2018,'','2018-08-24',0,0,54),(139,0,'04097079530','0927979039',444,1,2,1,4,'3222.00',2018,'','2018-09-17',0,0,54),(142,0,'81654855553','0846201291',448,2,2,2,4,'3222.00',2018,'','2018-09-19',0,0,54),(144,0,'82939012504','0871381826',450,3,1,2,4,'6954.00',2018,'','2018-09-19',0,0,54),(145,0,'67898998553','0406046085',451,3,1,2,5,'7920,00',2019,'PAGOU A MATRÍCULA COM DESCONTO','2018-09-19',0,0,54),(146,0,'01549895508','0827202660',452,3,1,2,5,'5400,00',2019,'ALUNO COM DESCONTO DE MEMBRO','2018-09-19',0,0,54),(147,0,'23327804591','0094143390',453,1,2,3,4,'3864.00',2018,'','2018-09-19',0,1,54),(148,0,'01536856541','0880569450',454,2,2,2,4,'0.00',2018,'','2018-09-19',0,0,54),(149,0,'06376793509','1619314487',455,2,2,3,4,'0.00',2018,'','2018-09-25',0,1,54),(150,0,'04461386570','1320514944',456,1,2,2,4,'3222.00',2018,'','2018-09-25',0,0,54),(151,0,'80439101549','0853905527',457,2,2,2,4,'3504.00',2018,'','2018-09-25',0,0,54),(152,0,'01539188531','0957151004',458,3,1,1,5,'7586.16',2018,'','2018-09-25',0,0,54),(153,0,'28661311500','0179183087',459,2,2,3,8,'3720,00',2019,'PAGOU A MATRÍCULA COM DESCONTO','2018-09-26',0,1,54),(154,0,'78662508553','0446388173',460,2,2,2,8,'3720,00',2019,'','2018-09-26',0,0,54),(155,0,'90845110500','569123232',461,1,2,1,5,'3222.00',2018,'','2018-09-26',0,0,54),(156,0,'68283709534','0377984990',462,1,2,2,8,'3720,00',2019,'','2018-09-26',0,0,54),(157,0,'76755789534','0591625113',463,1,1,2,5,'3060.00',2018,'','2018-09-26',0,0,54),(158,0,'03747279538','0929031423',464,2,2,1,5,'3222.00',2018,'','2018-09-28',0,0,54),(159,0,'03425551540','0911793275',465,2,2,1,5,'3222.00',2018,'','2018-09-28',0,0,54),(160,0,'85828377558','1362794813',466,1,2,2,8,'3720,00',2019,'','2018-09-28',0,0,54),(161,0,'03609757558','0954258533',467,1,2,1,5,'3222.00',2018,'','2018-09-28',0,0,54),(162,0,'05890067540','1321499906',468,2,2,1,4,'3514.80',2018,'','2018-10-01',0,0,54),(163,0,'04862629520','1178339750',469,2,2,1,8,'3720,00',2019,'','2018-10-01',0,0,54),(164,0,'97133876515','0957736061',470,1,2,2,5,'35088.00',2018,'','2018-10-01',0,0,54),(165,0,'81807759504','0790494000',471,3,1,1,5,'7584.00',2018,'','2018-10-01',0,0,54),(166,0,'79216820578','772469180',472,1,2,1,5,'3222.00',2018,'','2018-10-01',0,0,54),(167,0,'03020627508','12760763313',473,2,2,1,5,'3514.80',2018,'','2018-10-01',0,0,54),(168,0,'05006698560','1366245024',474,1,1,2,5,'3060.84',2018,'','2018-10-01',0,0,54),(169,0,'00584468504','087264325',475,3,2,1,5,'7586.16',2018,'','2018-10-01',0,0,54),(170,0,'04015887506','1351357460',476,2,2,2,5,'3514.80',2018,'','2018-10-03',0,0,54),(171,0,'80114121591','0663644771',477,1,2,2,5,'3720,00',2019,'','2018-10-03',0,0,54),(172,0,'04409120590','1174767812',478,1,2,1,8,'3720,00',2019,'PAGOU A MATRÍCULA COM DESCONTO','2018-10-03',0,0,54),(173,0,'60808466321','0947032991',479,1,2,2,8,'3720,00',2019,'','2018-10-03',0,0,54),(174,0,'85823095546','1135927600',480,2,2,2,8,'3720,00',2019,'PAGOU A MATRÍCULA COM DESCONTO','2018-10-08',0,0,54),(175,0,'56429983587','0358313163',481,2,2,3,5,'3514.80',2019,'','2018-10-29',0,1,54),(176,0,'00828088560','740198645',482,1,2,2,8,'3720,00',2019,'','2018-10-29',0,0,54),(177,0,'82820872549','0726773840',483,2,2,2,5,'3222.00',2019,'','2018-10-29',0,0,54),(178,0,'82657521568','0778937860',485,3,2,1,8,'6954.00',2019,'','2018-10-31',0,0,54),(179,0,'96679573572','0837072719',486,1,2,1,8,'3240.00',2019,'','2018-10-31',0,0,54),(180,0,'00630172536','791472400',487,1,2,2,8,'3240.00',2019,'','2018-11-01',0,0,54),(181,0,'94651183549','0567639800',488,2,2,2,9,'3720,00',2019,'','2018-11-01',0,0,54),(182,0,'60808466321','0947032991',489,1,2,2,9,'3720,00',2019,'','2018-11-05',0,0,54),(183,0,'04903598500','1318008921',491,1,2,2,1,'3720.00',2019,'','2018-11-06',0,0,54),(184,0,'00998751529','0878578048',492,2,2,2,9,'3720.00',2019,'','2018-11-06',0,0,54),(185,0,'04103139552','1359216197',493,2,2,2,9,'0.00',2019,'','2018-11-06',0,0,54),(186,0,'02527675514','0913530255',494,2,2,2,9,'3720.00',2019,'','2018-11-06',0,0,54),(187,0,'01068260505','637479827',495,2,2,1,9,'3240.00',2019,'','2018-11-06',0,0,54),(188,0,'36196752871','2008029255',496,2,2,2,9,'3720.00',2019,'','2018-11-07',0,0,54),(190,0,'83589805587','0840962096',499,1,2,2,7,'3720,00',2019,'PAGOU A MATRÍCULA COM DESCONTO DE 15%','2018-11-14',0,0,54),(192,0,'01169029574','0806632658',501,2,2,2,2,'3720.00',2019,'','2018-12-04',0,0,54),(193,0,'47520426572','0343324300',502,2,2,1,8,'3410.00',2019,'PAGOU A MATRÍCULA COM DECONTO','2018-12-04',0,0,54),(194,0,'76755789534','0591525113',503,1,2,2,8,'3720.00',2019,'PAGOU A MATRÍCULA COM DESCONTO','2018-12-05',0,0,54),(195,0,'74322230504','0508137144',504,1,2,2,10,'3720.00',2019,'','2018-12-06',0,0,54),(196,0,'12081140500','0149304633',505,1,2,1,6,'3720.00',2019,'PAGOU A MATRÍCULA COM DESCONTO','2018-12-10',0,0,54),(197,0,'89497201591','044422264',506,1,2,2,10,'3720.00',2019,'PAGOU A MATRÍCULA COM DESCONTO','2018-12-10',0,0,54),(198,0,'66976359591','0381107175',507,3,2,2,4,'7920.00',2019,'PAGOU A MATRÍCULA COM DESCONTO','2018-12-10',0,0,54),(199,0,'01967674582','1176326007',508,2,2,2,10,'3720.00',2019,'PAGOU A MATRÍCULA COM DECONTO','2018-12-10',0,0,54),(200,0,'69747750597','0527699926',509,1,2,2,6,'3720.00',2019,'','2018-12-11',0,0,54),(201,0,'82590907591','1196314900',510,2,2,2,10,'3720.00',2019,'PAGOU A MATRÍCULA COM DESCONTO','2018-12-11',0,0,54),(202,0,'82261342500','845817868',511,3,2,2,1,'3720.00',2019,'PAGOU A MATRÍCULA COM DESCONTO','2018-12-11',0,0,54),(203,0,'02963091508','1206126906',512,3,1,1,4,'7920.00',2019,'PAGOU A MATRÍCULA COM DESCONTO','2018-12-11',0,0,54),(204,0,'01368812546','0904516865',513,1,2,1,10,'3720.00',2019,'PAGOU A MATRÍCULA COM DESCONTO','2018-12-11',0,0,54),(205,0,'01228428123','1010049167',514,1,2,2,6,'3720.00',2019,'PAGOU A MATRÍCULA COM DESCONTO','2018-12-11',0,0,54),(206,0,'02701246598','1195842201',515,1,2,1,4,'3720.00',2019,'','2018-12-11',0,0,54),(207,0,'01131012526','0962124540',516,1,2,2,6,'3720.00',2019,'PAGOU A MATRÍCULA COM DESCONTO','2018-12-11',0,0,54),(208,0,'08144938402','2051602557',517,2,2,2,7,'3720.00',2019,'PAGOU A MATRÍCULA COM DESCONTO','2018-12-11',0,0,54),(209,0,'50859382591','373200501',518,1,2,1,6,'3720.00',2019,'PAGOU A MATRÍCULA COM DESCONTO','2018-12-12',0,0,54),(210,0,'01068260505','0837479827',519,2,2,1,10,'3240.00',2019,'','2018-12-13',0,0,54),(211,0,'80801846587','0638202183',520,2,2,2,9,'3720.00',2019,'PAGOU A MATRÍCULA COM DESCONTO','2018-12-18',0,0,54),(212,0,'07690339549','0073415553',521,1,2,1,9,'3720.00',2019,'PAGOU A MATRÍCULA COM DESCONTO','2018-12-18',0,0,54),(213,0,'05973025535','1440091706',522,2,2,2,8,'3720.00',2019,'','2018-12-18',0,0,54),(214,0,'92685919520','0516664808',523,1,2,2,7,'3360.00',2019,'','2018-12-18',0,0,54),(215,0,'03100814592','0931935563',524,2,2,2,4,'3720.00',2019,'PAGOU A MATRÍCULA COM DESCONTO','2018-12-19',0,0,54),(216,0,'04087799506','1163515353',525,2,2,1,9,'3720.00',2019,'','2018-12-19',0,0,54),(218,0,'45859442572','0320715078',527,2,2,1,4,'3720.00',2019,'','2018-12-20',0,0,54),(219,0,'01419142542','892616237',528,1,2,2,7,'3720.00',2019,'','2018-12-20',0,0,54),(220,0,'82820872549','0726773840',529,2,2,2,8,'3720.00',2019,'','2018-12-20',0,0,54),(221,0,'90324188587','0657862460',526,1,2,2,6,'3720.00',2019,'','2018-12-20',0,0,54),(222,0,'81477970525','747504510',530,1,2,1,10,'3720.00',2019,'','2018-12-20',0,0,54),(223,0,'76557170520','0438190289',531,2,2,3,10,'3720.00',2019,'','2018-12-20',0,1,54),(224,0,'81715439520','0836490266',532,1,2,2,9,'3720.00',2019,'','2018-12-20',0,0,54),(225,0,'81715439520','0836490266',532,1,2,2,9,'3720.00',2019,'','2018-12-20',0,0,54),(226,0,'80902707515','1123117683',533,2,2,1,9,'3720.00',2019,'','2018-12-21',0,0,54),(227,0,'96682078587','0682416401',534,1,2,2,6,'3720.00',2019,'','2018-12-21',0,0,54),(228,0,'83262202568','0829255699',535,1,1,2,10,'3720.00',2019,'','2018-12-21',0,0,54),(229,0,'96015063572','0768364019',536,1,2,2,10,'3720.00',2019,'','2018-12-21',0,0,54),(230,0,'57662436500','0429204930',537,1,2,2,7,'3720.00',2019,'','2018-12-21',0,0,54),(231,0,'80313213534','0843748966',538,1,2,2,10,'3720.00',2019,'','2018-12-21',0,0,54),(232,0,'90707656591','0670115940',539,2,2,1,9,'3720.00',2019,'','2018-12-21',0,0,54),(234,0,'04271309567','1414727151',541,2,2,2,10,'3720.00',2019,'','2018-12-21',0,0,54),(236,0,'04529806588','1356467903',543,1,2,2,9,'3720.00',2019,'','2018-12-21',0,0,54),(237,0,'80514715553','0692040048',544,3,1,2,5,'7920.00',2019,'PAGOU A MATRÍCULA COM DESCONTO','2018-12-21',0,0,54),(238,0,'88780880568','549858385',545,1,2,2,7,'3720.00',2019,'PAGOU A MATRÍCULA COM DESCONTO','2018-12-21',0,0,54),(239,0,'03564015531','0933517203',546,1,2,1,9,'3720.00',2019,'','2018-12-21',0,0,54),(240,0,'81571933549','5480485',547,2,2,2,10,'3720.00',2019,'','2018-12-21',0,0,54),(241,0,'03316123563','1148287760',548,2,2,2,4,'3720.00',2019,'','2018-12-21',0,0,54),(242,0,'41464435553','0248848127',549,2,2,2,10,'3720.00',2019,'','2018-12-21',0,0,54),(243,0,'02059876567','0847072169',550,1,2,2,10,'3720.00',2019,'','2018-12-21',0,0,54),(244,0,'00800964500','1287750842',551,2,2,2,10,'3720.00',2019,'','2018-12-26',0,0,54),(245,0,'59894229549','0349906661',552,1,2,1,9,'3720.00',2019,'','2018-12-26',0,0,54),(246,0,'10140441549','0108845133',446,2,2,1,5,'3720.00',2019,'','2018-12-26',0,0,54),(247,0,'78102596520','0719191556',553,1,2,2,10,'3720.00',2019,'','2018-12-26',0,0,54),(248,0,'01772606537','0843741520',554,1,2,2,7,'3720.00',2019,'','2018-12-26',0,0,54),(249,0,'94425744500','0660878305',555,1,2,1,1,'3720.00',2019,'','2018-12-26',0,0,54),(250,0,'01560224517','892413980',556,1,2,1,7,'3720.00',2019,'','2018-12-26',0,0,54),(251,0,'79801919515','654231273',557,1,2,1,6,'3720.00',2019,'PAGOU COM DESCONTO','2018-12-28',0,0,54),(252,0,'05291795557','1199173002',558,1,2,2,7,'3720.00',2019,'','2018-12-28',0,0,54),(253,0,'92053017520','0568647874',559,1,2,2,9,'3720.00',2019,'','2019-01-02',0,0,54),(254,0,'64505537587','0402434277',560,2,2,1,4,'3549.50',2019,'MENSALIDADE C/ DESCONTO DE MEMBRO','2019-01-03',0,0,54),(255,0,'03218576580','1005331162',561,1,2,2,10,'3720.00',2019,'','2019-01-03',0,0,54),(256,0,'03218576580','1005331162',561,1,2,2,10,'3720.00',2019,'','2019-01-03',0,0,54),(257,0,'42449812504','0295505486',562,1,2,1,7,'3720.00',2019,'','2019-01-04',0,0,54),(258,0,'06037818533','1480731749',563,2,2,1,2,'3534.00',2019,'','2019-01-07',0,0,54),(259,0,'50513281568','0658359720',564,3,1,1,2,'7179.60',2019,'','2019-01-07',0,0,54),(260,0,'88837572549','516796208',565,1,2,2,6,'3720.00',2019,'','2019-01-07',0,0,54),(261,0,'56428065568','0317860658',566,1,2,1,7,'3720.00',2019,'','2019-01-07',0,0,54),(262,0,'03709462517','1113718218',567,2,2,3,10,'3720.00',2019,'','2019-01-07',0,1,54),(263,0,'01488420548','0876626630',569,1,2,2,2,'3720.00',2019,'','2019-01-07',0,0,54),(264,0,'04262105571','1287034829',568,2,2,2,2,'3720.00',2019,'','2019-01-07',0,0,54),(265,0,'78524857587','0575499150',570,2,2,2,7,'3720.00',2019,'','2019-01-08',0,0,54),(266,0,'04097079530','0927979039',571,1,2,1,5,'3720.00',2019,'','2019-01-08',0,0,54),(267,0,'03163442579','1013556615',572,1,2,2,9,'3720.00',2019,'','2019-01-09',0,0,54),(268,0,'07364334572','0185970761',573,1,2,3,7,'3720.00',2019,'','2019-01-09',0,1,54),(269,0,'82649057572','0883985950',574,1,2,2,7,'3720.00',2019,'','2019-01-09',0,0,54),(270,0,'01241973539','0995845492',575,1,2,2,9,'3720.00',2019,'','2019-01-09',0,0,54),(271,0,'36667480582','1413346',576,2,2,3,9,'3720.00',2019,'','2019-01-09',0,1,54),(272,0,'90098943553','0546174647',577,1,2,2,6,'3720.00',2019,'','2019-01-10',0,0,54),(273,0,'01952440521','1294067087',578,1,2,2,3,'3720.00',2019,'','2019-01-10',0,0,54),(274,0,'78812712568','559870280',580,1,2,2,7,'3720.00',2019,'','2019-01-11',0,0,54),(275,0,'01482729598','0744589142',581,1,2,1,6,'3720.00',2019,'','2019-01-14',0,0,54),(276,0,'06394209589','1522044400',582,1,2,1,1,'3720.00',2019,'','2019-01-14',0,0,54),(277,0,'06394209589','1522044400',582,1,2,1,1,'3720.00',2019,'','2019-01-14',0,0,54),(278,0,'77819292504','383813931',583,1,2,2,7,'3720.00',2019,'','2019-01-15',0,0,54),(279,0,'00832682519','0965002209',584,1,2,1,10,'3720.00',2019,'','2019-01-15',0,0,54),(281,0,'10997636572','0078045045',585,2,2,3,7,'3528.00',2019,'','2019-01-15',0,1,54),(282,0,'05152951592','1297880668',587,1,2,2,9,'3720.00',2019,'','2019-01-15',0,0,54),(283,0,'80266800572','0669788406',588,1,2,1,9,'3720.00',2019,'','2019-01-16',0,0,54),(284,0,'04649969530','1413334210',589,1,2,2,4,'3720.00',2019,'','2019-01-16',0,0,54);
/*!40000 ALTER TABLE `matriculas` ENABLE KEYS */;
UNLOCK TABLES;

--
-- Table structure for table `parentescos`
--

DROP TABLE IF EXISTS `parentescos`;
/*!40101 SET @saved_cs_client     = @@character_set_client */;
/*!40101 SET character_set_client = utf8 */;
CREATE TABLE `parentescos` (
  `id_parentesco` int(11) NOT NULL AUTO_INCREMENT,
  `nm_parentesco` varchar(30) NOT NULL,
  PRIMARY KEY (`id_parentesco`)
) ENGINE=InnoDB AUTO_INCREMENT=11 DEFAULT CHARSET=latin1;
/*!40101 SET character_set_client = @saved_cs_client */;

--
-- Dumping data for table `parentescos`
--

LOCK TABLES `parentescos` WRITE;
/*!40000 ALTER TABLE `parentescos` DISABLE KEYS */;
INSERT INTO `parentescos` VALUES (1,'Tio (a)'),(2,'Avô (ó)'),(3,'Primo (a)'),(4,'Padrinho'),(5,'Amigo (a)'),(6,'Pai'),(7,'Máe'),(8,'Madrinha'),(9,'Padrasto'),(10,'Madrasta');
/*!40000 ALTER TABLE `parentescos` ENABLE KEYS */;
UNLOCK TABLES;

--
-- Table structure for table `religioes`
--

DROP TABLE IF EXISTS `religioes`;
/*!40101 SET @saved_cs_client     = @@character_set_client */;
/*!40101 SET character_set_client = utf8 */;
CREATE TABLE `religioes` (
  `id_religiao` int(11) NOT NULL AUTO_INCREMENT,
  `nm_religiao` varchar(50) NOT NULL,
  PRIMARY KEY (`id_religiao`)
) ENGINE=InnoDB AUTO_INCREMENT=7 DEFAULT CHARSET=latin1;
/*!40101 SET character_set_client = @saved_cs_client */;

--
-- Dumping data for table `religioes`
--

LOCK TABLES `religioes` WRITE;
/*!40000 ALTER TABLE `religioes` DISABLE KEYS */;
INSERT INTO `religioes` VALUES (1,'Catolica'),(2,'Protestante'),(3,'Muçulmano'),(4,'Espírita'),(5,'Ubanda'),(6,'Messiânica');
/*!40000 ALTER TABLE `religioes` ENABLE KEYS */;
UNLOCK TABLES;

--
-- Table structure for table `responsaveis`
--

DROP TABLE IF EXISTS `responsaveis`;
/*!40101 SET @saved_cs_client     = @@character_set_client */;
/*!40101 SET character_set_client = utf8 */;
CREATE TABLE `responsaveis` (
  `id_responsavel` int(11) NOT NULL AUTO_INCREMENT,
  `nm_responsavel` varchar(40) NOT NULL,
  `id_parentesco` int(11) NOT NULL,
  `id_matricula` int(11) NOT NULL,
  `id_aluno` int(11) NOT NULL,
  `nu_telefone` varchar(30) NOT NULL,
  `te_profissao` varchar(30) NOT NULL,
  `nm_trabalho` varchar(30) NOT NULL,
  `te_email` varchar(50) NOT NULL,
  `nm_logra` varchar(50) NOT NULL,
  `nu_logra` varchar(6) NOT NULL,
  `nm_compl` varchar(20) NOT NULL,
  `nu_cep` varchar(8) NOT NULL,
  `nm_bairro` varchar(30) NOT NULL,
  `nm_cidade` varchar(30) NOT NULL,
  `nm_uf` varchar(2) NOT NULL,
  `id_usuario` int(11) NOT NULL,
  PRIMARY KEY (`id_responsavel`),
  KEY `id_parentesco` (`id_parentesco`),
  KEY `id_usuario` (`id_usuario`),
  KEY `id_matricula` (`id_matricula`),
  KEY `id_aluno` (`id_aluno`)
) ENGINE=InnoDB AUTO_INCREMENT=239 DEFAULT CHARSET=latin1;
/*!40101 SET character_set_client = @saved_cs_client */;

--
-- Dumping data for table `responsaveis`
--

LOCK TABLES `responsaveis` WRITE;
/*!40000 ALTER TABLE `responsaveis` DISABLE KEYS */;
INSERT INTO `responsaveis` VALUES (47,'EDSON BARBOSA JUNIOR',7,87,381,'33271035 87616427 91208072','Advogado(a)','','junior.show1@hotmail.com','RUA MADUREIRA DE PINHO','64A','EDF ITAPICURÚ','40323080','','','',54),(53,'Sandra Regina Santos Gomes',6,88,390,'cel 986060983','Soldador(a)','orto Cotegipe','aurisio@yahoo.com.br','Rua Desembargador Julio De Brito','','9 travessa','40300160','','','',54),(55,'KAZUMI KANZAKI',6,90,396,'TR 988041552 CEL 988473965','SUPORTE','','KAZUMIKANZAKI1000@GMAIL.COM','RUA CARLOS GOMES','698','AP 1104 EDF . ANABEL','40060330','','','',54),(58,'JEFERSON XAVIER PINHEIRO DOS SANTOS',6,93,399,'987061304','ENFERMEIRO','SEC. MUN. - LAURO DE','jeferson.xavierps@gmail.com','CONJ. ASTECA , LAD DO PAIVA','40','AP 303 B- B2','40320720','','','',54),(59,'ANA DEISE PEREIRA DA SILVA',7,94,400,'987935735/33865182','COMERCIARIA','','deisemaquely@gmail.com','Rua Vitor Serra','45','1 andar','40340290','','','',54),(60,'ROQUINEIA SANTOS DA SILVA',7,95,401,'988254187','TURISMOLOGA','HOSPITAL SANTA ISABE','aurisio@yahoo.com.br','TV PARAISO','40','EDF VILA GUIMARES AP','40320200','','','',54),(61,'FERNANDA PEREIRA',7,96,402,'983696697/33131992','AUTONOMA','FEIRA DE SÃO JOAQUIM','aurisio@yahoo.com.br','RUA FREITAS HENRIQUE DE CIMA','78A','','40320150','','','',54),(62,'MANOEL MESSIAS NEVES DE JESUS',6,97,403,'987066689','VIGILANTE','CENTRO DE SALVADOR','SEM EMAIL','RUA VINTE DE AGOSTO','84','','40310610','','','',54),(63,'REBECA EMANUELLE PEDREIRA OLIVEIRA',7,98,404,'986231922','OPERADORA DE TELEMARKETING','PELOURINHO','bel-linda400@hotmail.com','TV 1 NOSSA SENHORA DAS CANDEIAS','9A','','40335301','','','',54),(64,'CLAUDILANDIA DA CONCEIÇÃO SILVA',7,99,405,'999634274','CONTADORA','belov engenharia LTD','claudilandia@yahoo.com.br','Av Santiago','20','1 andar','40320360','','','',54),(65,'RICARDO CABRAL MORAIS',6,100,406,'33880872/993498115','OPERADOR DE MAQUINAS','','rosa.miranda25@hotmail.com','RUA MARQUES DE SOUZA','90','','40321025','','','',54),(66,'KALINE LOPES RIBEIRO',7,101,407,'987768409','AUXILIAR DE PESSOAL','','kabybeiro@hotmail.com','RUA VILA BARLETA','63','casa','40302380','','','',54),(67,'ANELIZIA BRITO DOS SANTOS',7,105,409,'986831979','TEC EM ENFERMAGEM','','aneliziabrito@hotmail.com','AV SANTIAGO','44','','40320360','','','',54),(68,'SOANE OLIVEIRA DE SANTANA',7,106,410,'988747825','PRODUTORA DE EVENTOS','AMBEV','eduardo-tavares@hotmail.com','VILA MARGÔ','65','2 ANDAR, LADEIRA DO ','40323070','','','',54),(69,'ADEMILSON DO E. S. RIBEIRO DOS SANT',6,107,411,'999282818','CONTADOR','H. ERNESTO SIMOES','ademilson_ribeiro7@yahoo.com.b','RUA DOMINGOS PEREIRA BAIAO','36','','40320080','','','',54),(70,'CARLA JOSEANE QUERINO CAZUMBA',7,108,412,'987102203','CARLA JOSEANE QUERINO CAZUMBA','PITUBA','caljoseane','RUA AGOSTINHO SHIMIDTH','18','1 andar','40323020','','','',54),(71,'VIVIANE DOS SANTOS FRAGA',1,109,413,'985506375','ESTOQUISTA','AVON','SEM EMIAL','RUA MANOEL DRUMOND','80','','40320670','CAIXA D AGUA','Salvador','BA',54),(72,'JAYR DE OLIVEIRA REIS',6,110,414,'996298193/30334287','INDUSTRIARIO','','NAO TEM','RUA FREITAS HENRIQUE ','00','','40320165','','','',54),(73,'VERA LUCIA DA CRUZ',7,111,415,'999929602/981762029','POLICIAL MILITAR','SAO CAETANO','verinha34@hotmail.com','AV ALIOMAR BALEIRO','80','COND MORADA BELA','41385160','','','',54),(74,'DIEGO SANTOS DE ASSUNÇÃO',6,112,416,'987938095','SEGURANÇA','COMERCIO','vivyanealmeida@hotmail.com','RUA JUAZEIRO','26','','40321055','','','',54),(75,'TERESA CRISTINA DA ANUNCIAÇÃO SOUSA',7,113,417,'988328692','TEC. EM ALIMENTOS','','tcristina2809@gmail.com','TRAVESSA VIRGINIA','1','','41032022','','','',54),(76,'SILVIO MARIO DOS SANTOS LIMA JUNIOR',6,114,418,'387064454/34064763/4764','SOLDADOR','UNEB','NAO TEM','AVENIDA CONCEICAO','7','1 andar','40320510','','','',54),(77,'MICHELEN PESSOA DE JESUS',7,115,419,'987662481','TEC ENFERMAGEM','','chelenpessoa@hotmail.com','RUA SAO TOME','26','avó Landina 32563286','40320485','','','',54),(78,'PAULO VIRGILIO ALVES BANDEIRA JUNIO',6,116,420,'32439424/987140564','TEC EM ELETROMECANIC','','pbandeirajr@gmail.com','RUA CORONEL FELISBERTO','24','APT 1','40300730','','','',54),(79,'DAVI VERISSIMO DA SILVA SANTOS',6,117,421,'90175635/981595635','GERENTE DE LOJA','','daviverissimocabal@hotmail.com','RUA MANOEL MARIO DE LIMA','2','AP 402','40320290','','','',54),(80,'TAISA CRISTINA RODRIGUES SANTOS',7,118,422,'982547321/33902353','AUTONOMA','PORTO SECO PIRAJA','NAO TEM','RUA MARQUES DE SOUZA','25','','40321025','','','',54),(81,'LUIZ CLAUDIO SOUZA CRUZ',6,119,423,'987199642/32360821','OPE. DE SISTEMA','HGE','NAO TEM','RUA LIVIA GIFFONE','83','BLOCO C APT 101 COND','40265040','','','',54),(82,'LUISE CONCEIÇÃO BORGES',7,120,424,'987015139','ENG. AMBIENTAL','','luisecborges@gmail.com','RUA SALDANHA MARINHO','6','','40323010','','','',54),(83,'DENILSON PEREIRA JOSE TOMÉ',6,121,425,'988747571','AUX. CONTÁBIL','','denilsonpereira.ba@gmail.com','RUA SALDANHA MARINHO','204','APT 102','40323010','','','',54),(84,'AURINO MARTINS LONGUINHOS NETO',6,122,426,'987141222/33830345','COMPRADOR E VENDEDOR','','NAO TEM','RUA VINTE DE AGOSTO','141','','40310610','','','',54),(85,'ROSE CLEIDE CARMO DE JESUS',7,123,427,'988342345/32445451','BALCONISTA','PADARIA PARQUE','NÃO TEM','RUA DIRETA MANDCHURIA','12','','40320620','','','',54),(86,'ROBERTO LINO OLIVEIRA',6,124,428,'988348694/32569478','CONSULTOR DE VENDAS','FRUTOSDIAS','carla.pink.18@hotmail.com','RUA RODRIGO DE EMNEZES ','20','','40315507','','','',54),(87,'ELISANGELA DE SOUSA DE AZEVEDO',7,125,430,'992082315','TEC EM ENFERMAGEM','','elisangelasaster@gmail.com','AV TELES','07','','40320300','','','',54),(88,'FERNANDA CAROLINE FONSECA GOMES',7,126,431,'996619754','GESTORA DE RH','','fcgl0592@gmail.com','RUA BENTO SABINO','9','','40320040','','','',54),(89,'EDIANE MARIA LOPES REQUIAO',7,127,432,'986073897','POLICIAL MILITAR','CDD FREDERICO PONTES','edirequiao@hotmail.com','AV QUEIROZ ','27','SUBDISTRITO DA LIBER','40327195','','','',54),(90,'INDAIA ALBERGARIA DE JESUS NEVES',7,128,433,'988765606','TEC EM ENFERMAGEM','','NAO TEM','RUA SALDANHA MARINHO','139','','40323010','','','',54),(91,'PATRCIA MIRANDA GOMES SOUSA',7,129,434,'991307699','GERENTE DE NEGOCIOS','SANTENO','patifbb@hotmail.com','RUA PERO VAZ','434','','40335000','','','',54),(92,'ANDERSON SOUSA DOS SANTOS',6,102,408,'988462401','ESTUDANTE','','NÃO TEM','RUA PADRE ARRENIO DA FONSECA, 46','','','40315510','BARROS REIS','Salvador','BA',54),(93,'ESTELA MARIA SANTOS CAJAZEIRA',7,130,435,'996472957/87422924','AUTOÔNOMA','STS ENGENHARIA','enzogadi@gmail.com','RUA DR MARIO DE SOUZA DANTAS ','1','','40321085','','','',54),(94,'MAISA PEREIRA DA SILVA',7,131,436,'-','ASSISTENTE COMERCIAL','','maisaps123@gmail.com','RUA CONDE DE PORTO ALEGRE','26','CASA13','40330200','','','',54),(95,'CLEIDIANE PENHA DOS SANTOS CONCEIÇÃ',7,132,437,'987150250','DONA DE CASA','-','aurisio@yahoo.com.br','1 TV MARQUES DE SOUZA','436','','40325780','','','',54),(96,'HEIDE MARTINS SENA',7,133,438,'991604403','MICROEMPRESÁRIA','IAPI','heide_sena@hotmail.com','RUA FREITAS HENRIQUE ','125','AP 101','40320165','','','',54),(97,'Aurísio Machado Freitas',2,134,439,'71991121313','APOSENTADA','-','aurisio@yahoo.com.br','AV SANTIAGO','23','','40320360','CAIXA D AGUA','Salvador','BA',54),(98,'DAVILENE SOUZA SANTOS',7,135,440,'34441325/86233301','SERVIDORA PÚBLICA','SINSIQUIMICA','davilenes@ufba.br','TV PAIVA ','67','ED RIO DANUBIO APT 2','40321100','','','',54),(99,'TATIANE BRITO CUNHA',7,136,441,'988219821','PROFESSORA','COMÉRCIO','taticunha@hotmail.com','RUA DA MANDCHÚRIA','16','1 ANDAR','40320570','','','',54),(100,'BRUNO DE SANTANA ALMEIDA',6,137,442,'33323165/85548120','COMERCIARIO','CLINICA SEM DOR','aurisio@yahoo.com.br','RUA JOSE MARIZ PINTO','30','','40460140','','','',54),(101,'LUCIANA BITENCOURT CONCEIÇÃO',7,138,443,'987643988','OPERADORA DE CAIXA','BAINÃO MOVEIS','leonardopaixao30@outlook,com','TV SANTO ANTONIO','04','','40323775','','','',54),(102,'UELTON BARBOSA SANTOS',6,139,444,'33274452/88144013','ELETRICISTA','','uelton-santos31@gmail.com','3 TV DA MANDHURIA','39','','40320630','','','',54),(103,'ANA CRISTINA DOS SANTOS DIONISIO',7,142,448,'-','PROFESSORA','SÃO PAULO','girlfriend22@hotmail.com','RUA MARQUES DE MARICÁ','206','','40310000','','','',54),(104,'FERNANDA FERREIRA MURICY',7,144,450,'99654992','ASSIT. ADMINISTRATIVO','AMMA CHOCOLATES','fernanda-of@tahoo.com.br','RUA PEDRO IVO','19','','40320010','','','',54),(105,'ACELINA MÉRSIA RIOS LEITE CARVALHO',7,145,451,'988868393','PROF/ NUTRICIONISTA','ELINQ CAMAÇARI','acelianleite@gmail.,com','RUA RODOVIA A ','1528','3 ANDAR','40385645','','','',54),(106,'CARINE TEIXEIRA ARAUJO SILVA',7,146,452,'-','TEC ENFERMAGEM','FAR. DO TRABALHADOR','carinetaraujo@gmail.com','RUA FREITAS HENRIQUE DE CIMA','75','','40320150','','','',54),(107,'BARBARA MARIA FERREIRA VIANA NEVES',2,147,453,'988801925','APOSENTADA','PROFESSORA','','RUA SALDANHA MARINHO','122','','40323010','CAIXA D AGUA','Salvador','BA',54),(108,'DAYSE OLIVEIRA FRUTUOSO DE OLIVEIRA',7,148,454,'992892150','AUX DE CLASSE','-','','RUA HAVAI','35','','40320540','','','',54),(109,'NATALIA OLIVEIRA NASCIMENTO',1,149,455,'987826247','COORDENADORA','CEBAF','','RUA MADURERIRA DE PINHO','70','','40323080','CAIXA D AGUA','SALVADOR','BA',54),(110,'DANIELLE SANTOS CERQUEIRA',7,150,456,'988734634','RECEPCIONISTA','MD/DRA SYSTEM','daniellencerqueira@hotmail.com','RUA VALDIR PIRES','12','','40330220','','','',54),(111,'JAQUELINE NATIVIDADE DE OLIVEIRA',7,151,457,'987454766','GERENTE COMERCIAL','LOJÃO BOA VISTA','jaque_nativa@hotmail.com','RUA MARQUÊS DE MARICA','171','9','40320846','','','',54),(112,'RITA DE CASSIA QUEIROS CALAZANS',2,153,459,'33889418','DONA DE CASA','','ritacalazans@oi.com.br','RUA FLORISVALDO SILVA','57','','40320254','IAPI','SALVADOR','BA',54),(113,'IVANA FACTUM SILVA DOS SANTOS',7,154,460,'988563755','AUTÔNOMA','-','','AVENIDA TELES','18','','40320300','','','',54),(114,'JAILTON DA CRUZ PEREIRA',6,155,461,'981044941','ATENDENTE COMERCIAL','-','jreisly@gmail.com','LADEIRA DO PAIVA','105','','40323050','','','',54),(115,'VALCILENE SANTOS DE ARAUJO',7,156,462,'986837492/996781228','SECRETÁRIA','MPJ TRANSPORTES','valcilene.araujo@gmail.com','RUA SALDANHA MATINHO','206E','','40323010','','','',54),(116,'MANUELA JESUS DOS SANTOS',7,157,463,'991018233','OPER. DE TELEMARKETING','-','','RUA 4 DE SETEMBRO','1','APT 301','40310050','','','',54),(117,'JAIMISSON DA SILVA SANTOS',6,158,464,'32446598/88371756','ENCANADOR','BIO EXTRATUS','','ESTR. DA MANDCHURIA','77','','40323085','','','',54),(118,'PAULO CESAR DA SILVA',6,159,465,'33817371','TEC. MEIO AMB E SEG.','SHOPPING BARRA','paulocleal13@gmail.com','RUA DESEMBARGADOR JULIO DE BRITO','17','','40300160','','','',54),(119,'NATHÁLIA QUEIROS PAIVA',7,160,466,'-','-','-','nathalia.quirosp@gmail.com','TV DA SOLEDADE','8','','40327615','','','',54),(120,'JULIELTON DA SILVA SANTOS',6,161,467,'986478377','VARREDOR','CABULA','','RUA VALDIR PIRES','14','','40330220','','','',54),(121,'JOSEVALDO BORGES PEREIRA',6,162,468,'987213037','APOSENTADO','BOA VIAGEM','-','RUA 1 MANDCHURIA','45','','40320630','','','',54),(122,'CLBER DOS SANTOS SANTOS',6,163,469,'986387249','PORTEIRO','-','clebersantos34@gmail.com','PRIMEIRA TVF MARQUES DE SOUZA','4','','40321025','','','',54),(123,'LUCIDALVA DILVA DE FRANÇA',7,164,470,'988026968','COZINHEIRA','-','','AVENIDA SAIONARA','134','','40330275','','','',54),(124,'MARILON ROSARIO MELO',6,165,471,'987365662','VENDEDOR','-','','JOANA DARC','10','','40320650','','','',54),(125,'RAIMUNDA SOUSA DE OLIVEIRA JUNIOR',6,166,472,'985535816/87669162','VIGILANTE','-','','TV 2ª MANDCHURIA','65/6','','40320185','','','',54),(126,'ALAN MARTINS DA GUIA',6,167,473,'987427986','SEGURANÇA','-','','RUA MANOEL DRUMOND','80','','40320670','','','',54),(127,'SUYLAN CRVALHO LARANJEIRA DA FONSEC',7,168,474,'987180510','AGENTE DE EDUCAÇÃO','-','suylancarvalho@hotmail.com','RUA EDGAR REIS NAVARRO','2','AP302','40225280','','','',54),(128,'EDUARDO BARBOSA DA CRUZ',6,169,475,'987476572/986334274','TEC EM ENFERMAGEM ','HOSPITAL ANA NERY','barbosaeduardo338@gmail.com','RUA FREITAS HENRIQUE ','16','','40320165','','','',54),(129,'ROSIANE DIAS SANTANA',7,170,476,'988256455','GERENTE DE FARMACIA','-','','RUA TEODOMIRO DE QUEIRO','41','','40300520','','','',54),(130,'ADRIANA SILVA MONTEIRO',7,171,477,'987653796','DONA DE CASA','LATAPAK','adrianamonteiro546@gmail.com','RUA RODRIGO DE MENEZES','17','','40315507','','','',54),(131,'IGOR FERREIRA SANTOS',6,172,478,'988496754','TEC EM ANALISES CLIN','ATENTO','igor.social@hotmail.com','RUA FLOR GOMES','48E','LADEIRA DO PAIVA','40320760','','','',54),(132,'JULIANA ALMEIDA DOS SANTOS',7,173,479,'(85) 996258892','FISIOTERAPEUTA','-','','TRAVESSA DO PAIVA','25','','40320710','','','',54),(133,'MÔNICA BARBOSA DOS SANTOS',7,174,480,'987757532','-','MECANICO','','3 AT DA MANDCHURIA','4','','40320280','','','',54),(134,'JOSELIR SANTOS DA PAIXÃO',2,175,481,'9987717039','CABELEREIRA','','','RUA AURELO RODRIGUES DA SILVA','9','','40320050','CAIXA D AGUA','SALVADOR','BA',54),(135,'FLAVIA ROSA OLIVEIRA DOS SANTOS',7,176,482,'988488309','SUPERVISORA DE VENDAS','GUINDASTE BRASIL','flaviarosa24@hotmail.com','AV SORIANO','7','-','40320445','','','',54),(136,'FRANCINE ALVES DE JESUS SANTANA',7,177,483,'999367158','PROFESSORA','ATACADÃO','fracinehistoriaruanda@bol.com.','RUA MARQUÊS DE MARICÁ','86','AP 201','40310000','','','',54),(137,'LEANDRO BRANDÃO SANTOS',6,178,485,'987035708','DESENHISTA','COMÉRCIO','lereles@hotmail.com','AV JOANA ANGÉLICA','705','EDF. INDEPENDENCIA','40050001','','','',54),(138,'ALESSANDRO DA SILVA PEREIRA',6,179,486,'986486124','AUTÔNOMO','-','ale.pereira2016@hotmail.com','RUA MANOEL INÁCIO DA COSTA','38','-','40320030','','','',54),(139,'PAULA SILVA SANTOS',7,180,487,'991470216','ENFERMEIRA','-','enfermeirapaulasantos2010@hotm','RUA VITOR SERRA','25','','40340290','','','',54),(140,'LÉLIA DA PAIXÃO CONCEIÇÃO',7,181,488,'985186826','TEC EM ENFERMAGEM','-','lelia-paixao@hotmail.com','AV SARDINHA','3','-','40335660','','','',54),(141,'JULIANA ALMEIDA DOS SANTOS',7,182,489,'85996258892','FISIOTERAPEUTA','-','jualmeida@hotmail.com','TV DO PAIVA','25','-','40320710','','','',54),(142,'DANUSA DA SILVA NASCIMENTO',7,183,491,'985098647','OPERADORA DE CAIXA','MERCADINHO TUDO TEM','jldvaridades33@hotmail.com','RUA RAUL LEITE,  AP 401','1470','','40270010','','','',54),(143,'MANUELA DE OLIVEIRA MOURA',7,184,492,'986758497','COSTUREIRA','UFBA','','RUA JOSÉ MARIZ PINTO','65','','40300180','','','',54),(144,'JÉSSICA DE ALMEIDA SANTOS SILVA',7,185,493,'985459908','AUX DE CLASSE','CONTINENTAL - GR','','RUA BRAULIO PEREIRA','6','','40365510','','','',54),(145,'GLEICE NERI SANTOS',7,186,494,'-','ESTUDANTE','MERCADO DO RIO VERME','glein_12hotmail.com','RUA JUAZEIRO','98','','40321055','','','',54),(146,'DANIEL DE ARAÚJO LIMA',6,187,495,'988451997','TEC EM INFORMÁTICA','-','','RUA MANOEL DRUMOND','98','','40320670','','','',54),(147,'VERA LÚCIA RIBEIRO CARDOSO',7,188,496,'987144888','TEC EM ENFERMAGEM','AUTÔNOMO','vera.clp19@hotmail.com','RUA MANUEL INÁCIO DA COSTA','13','','40320030','','','',54),(148,'ANA PAULA DE SOUZA SILVA',7,190,499,'999231385','TELEFONISTA','-','','RUA PEDRO IVO','55','','40320010','','','',54),(149,'AMABLIM SILVA SOUZA',7,192,501,'-','COPEIRA DIETISTA','-','-','RUA HERMíNIO DE ANDRADE','53','','40315385','','','',54),(150,'GILBERTO PINTO LIMA',6,193,502,'987865914/33860559','POLICIAL CIVIL','RESIDENCIA','-','RUA JUAZEIRO','73','','40321055','','','',54),(151,'MANUELA JESUS DOS SANTOS',7,194,503,'991018233/988044556','OPER. DE TELEMARKETING','CRIVO ','msnuelajesus7@gmail.com','RUA 4 DE SETEMBRO','1','','40310050','','','',54),(152,'RITA DE CÁSSIA BARBOSA DOS SANTOS',7,195,504,'987877702','TEC EM PRODUÇÃO','-','-','2ª AVENIDA MANDCHúRIA','49','','40320155','','','',54),(153,'LUÍS CARLOS DOS SANTOS PORTUGAL',6,196,505,'3386-2952/988599784','TEC EM MEIO AMBIENTE','-','k.m36@hotmail.com','RUA SALDANHA MARINHO','139','','40323010','','','',54),(154,'CRISTIANE MACIEL MATOS',7,197,506,'987292044','RECEPCIONISTA','ATACADÃO CENTROSUL','-','TRAVESSA VALENTIM RODRIGUES','62','','40320190','','','',54),(155,'VERA LÚCIA DA CRUZ',7,198,507,'999929602/981762029','POLICIAL MILITAR','URUGUAI','veuzinha34@hotmail.com','AVENIDA ALIOMAR BALEEIRO','80','CONDOMINIO MORADA BE','41385160','','','',54),(156,'FERNANDA FIGUEIREDO DE ANDRADE',7,199,508,'988714554','DONA DE CASA','AMEV','-','AVENIDA ESTRELA DO SUL','16','','40300720','','','',54),(157,'ELIANE MELO PEREIRA FERNANDEZ',7,200,509,'987575842','TEC EM ENFERMAGEM','TOP ALTO','elianefernandez@live.com','RUA TRASYBULO FERRAZ','83','','40313700','','','',54),(158,'MARIA FABIANA SILVA DE MELO',7,201,510,'993082560/988492079','CONSULTORA DE BELEZA','FEERY BOAT','fabianamds04@gmail.com','RUA CONDE DE PORTO ALEGRE','48','','40330200','','','',54),(159,'ALINE DE SOUZA OLIVEIRA',7,202,511,'987344115','ASST DE INFORMÁTICA','RETIRAUTO VEÍCULOS','-','RUA MARQUêS DE MARICá','161','','40310000','','','',54),(160,'SILVIO MARO DOS SANTOS LIMA JUNIOR',6,203,512,'987064454','SOLDADOR','UNEB','-','AVENIDA CONCEIçãO','7','1 ANDAR','40320510','','','',54),(161,'JANDERSON ARAÚJO OLIVEIRA',6,204,513,'988867790','VIGILANTE','-','-','TRAVESSA AIQUARA','6','','40330545','','','',54),(162,'MARILENE MIRANDA DA SILVA',7,205,514,'987702763','DONA DE CASA','VITOR TOLDOS','-','CONJUNTO ASTEKA','AP 0','LADEIRA DO PAIVA, BL','40320720','','','',54),(163,'DIEGO BELTRÃO DE SILVA',6,206,515,'986783712 / 32584170','AUX DE OPERAÇÕES','TEL TELEMÁTICA','-','RUA DESEMBARGADOR JúLIO DE BRITO','14A','9 ªTRAVESSA','40300160','','','',54),(164,'ANDREA GABRIELA DOS SANTOS MENDES',7,207,516,'987373459','TEC EM ENFERMAGEM','-','-','RUA AGOSTINHO SCHIMIDT','18','','40323020','','','',54),(165,'EMANUELA VIEIRA LEITE DE SOUZA',7,208,517,'-','BALCONISTA','-','','RUA SALDANHA MARINHO','-','EDF SOL, AP03','40323010','','','',54),(166,'CLAUDIO LUIZ SILVA SANTOS',6,209,518,'988611316/','ENFERMEIRO','-','claudios.fisio@hotmail.com','RUA CORONEL SERRA MARTINS','28','','40370060','','','',54),(167,'DANIEL DE ARAÚJO LIMA',6,210,519,'988451997','TEC EM INFRMÁRTICA','-','-','RUA MANOEL DRUMOND','98','','40320670','','','',54),(168,'TATIANE ROCHA NORONHA',7,211,520,'981780637','COMERCIARIA','','tatynhamartins27@hotmail.com','RUA BENJAMIN FRANKLIN','70','','40315530','','','',54),(169,'FERNANDO CALAZANS',6,212,521,'71 991207563','TEC. DE SEGURANÇA','','calazans.ponther@ hotmail.com','AVENIDA HEITOR DIAS','4','','40300034','','','',54),(170,'JIOSEFA DE JESUS SANTOS',7,213,522,'999996802','DONA DE CASA','LAURO DE FREITAS','josy.nen93@gmail.com','RUA FREITAS HENRIQUE','66','','40320165','','','',54),(171,'CÁTIA PEREIRA DA SILVA',7,214,523,'-','COMERCIARIA','-','katiaeariel@gmail.com','4ª TRAVESSA VíTOR SERRA','36','','40335425','','','',54),(172,'ENEIDA DE LIMA SALES',7,215,524,'985059475 / 98786293','TAC EM SEG . DO TRABALHO','STELLA MARES','eneidasale@outlook.com','RUA AGOSTINHO SCHIMIDT','45','','40323020','','','',54),(173,'ICARO SANTOS MACHADO',6,216,525,'32415897/987233427','OPERADOR DE PRODUÇÃO','CLINICA','-','RUA MANOEL DRUMOND','8','','40320670','','','',54),(175,'JAYR DE OLIVEIRA REIS',6,218,527,'996298193','INDUSTRIÁRIO ','PANIFICADORA','-','RUA FREITAS HENRIQUE','84','','40320165','','','',54),(176,'JOICE DOS SANTOS OLIVEIRA',7,219,528,'-','ASSIT. ADMINISTRATIVO','-','ecioj_oliveira@yahoo.com,.br','RUA VINTE E CINCO DE DEZEMBRO','69','','40313360','','','',54),(177,'FRANCINE ALVES DE JESUS SANTANA',7,220,529,'999367158','PROFESSORA','ATACADÃO','fracinehistoriaruanda@bol.com.','RUA MARQUêS DE MARICá','86','AP 201','40310000','','','',54),(178,'ROSEMY SOARES MARQUES',7,221,526,'988252421','PROFESSORA','PREFEITURA MUNICIPAL','rosy.my@hotmail.com','RUA DA POEIRA','89','','40040520','','','',54),(179,'VINICIUS DE ARAUJO MORAIS',6,222,530,'985249770 - 33863045','TEC EM ENFERMAGEM ','HGE','viniciusmoraiseu@gmail.com','RUA DOUTOR EDUARDO SANTOS','251','1º andar','40340070','','','',54),(180,'FABIA BRITO DOS SANTOS',1,223,531,'988078732','TEC EM  NUTRIÇÃO','','','RUA PEDRO IVO','9','','40320010','CAIXA D AGUA','SALVADOR','BA',54),(181,'RAILENE LEFUNDES MENDES DE ARAÚJO',7,224,532,'988055868','AUX DE SERVIÇOS GERAIS','GPS','railene.lefundes@bol.com.br','RUA FREITAS HENRIQUE DE CIMA','98','','40320150','','','',54),(182,'RAILENE LEFUNDES MENDES DE ARAÚJO',7,225,532,'988055868','AUX DE SERVIÇOS GERAIS','GPS','railene.lefundes@bol.com.br','RUA FREITAS HENRIQUE DE CIMA','98','','40320150','','','',54),(183,'RICARDO ANTONIO DA SILVA SOUZA',6,226,533,'987022398','TEC EM TELECOMUNICAÇ','TRANSOL','ricardosouza2016@hotmail.com','RUA BENJAMIN FRANKLIN','75','','40315530','','','',54),(184,'ANA CRISTINA SANTOS LOPES',7,227,534,'988197861','COPEIRA','OTTRANS','-','RUA AGOSTINHO SCHIMIDT','33','','40323020','','','',54),(185,'LEILA PATRICIA C PRUDENTE DE SANTA',7,228,535,'981444709','GESTORA DE RH','-','lelilpatriciacoimbra@gmail.com','RUA AURéLIO RODRIGUES DA SILVA','15','CASA01','40320050','','','',54),(186,'EDNA NOGUEIRA DA ROCHA',7,229,536,'988702515','DONA DE CASA','LOJA CASTROS','edinharochasts@outlook.com','RUA CHáCARA RAMOS','68','','40310525','','','',54),(187,'EDENILDES SILVA NASCIMENTO',7,230,537,'987630305','AUX ADM','OTICA ALBUQUERQUE','nildes-nascimento@hotmail.com','RUA PEDRO IVO','55','','40320010','','','',54),(188,'MARIA EDUARDA BULHOES NUNES',7,231,538,'986211914','AUX ADM','WALMART IGUATEMI','danielebulhoes@gmail.com','RUA MANOEL DRUMOND','25','','40320670','','','',54),(189,'RAIMUNDO NONATO RIBEIRO CONCEIÇÃO',6,232,539,'987245077','ELETROTECNICO','-','-','RUA NEVES DA ROCHA','20','','40320530','','','',54),(190,'ANA CLAUDIA SANTOS DE JESUS',7,234,541,'987782286','-','PITUBA -MEDICICOR','anaclaudiasantos2018@gmail.com','AVENIDA DOIS IRMãOS','32','2 andar','40335640','','','',54),(191,'JEANE FRANCO ALMEIDA',7,236,543,'98786/5897/991352615','TEC EM ENFERMAGEM','GRÁFICA','jeanejeanefranco@hotmail.com','RUA SALDANHA MARINHO','100','','40323010','','','',54),(192,'EDIANE MARIA LOPES REQUIÃO',7,237,544,'986073897','POLICIAL MILITAR','CORREIOS','edirequiao@hotmail.com','AVENIDA QUEIROZ','27','','40327195','','','',54),(193,'JOSIANE OLIVEIRA MIRANDA',7,238,545,'988848472','SERVIDORA PÚBLICA','LOJA','jomiranda20@gmail.com','RUA RODRIGO DE MENEZES','50','','40315507','','','',54),(194,'EDVAN CUNHA NOVAES',6,239,546,'987084073/996829498','BANCÁRIO','-','-','RUA DOUTOR MáRIO DE SOUZA DANTAS','13','','40321085','','','',54),(195,'ALINE MOTA MATTOS',7,240,547,'988634047','JORNALISTA','DZAP','alinemotamattos37@outlook.com','RUA GONçALO MUNIZ','19','1 ANDAR','40320070','','','',54),(196,'LUISE CONCEIÇÃO BORGES',7,241,548,'987015139','ENG. AMBIENTAL','-','luisecborges@gmail.com','RUA SALDANHA MARINHO','6','RUA CORONEL ODILON A','40323010','','','',54),(197,'NEIDJANE MOTA DA CRUZ',7,242,549,'-','VARREDORA ','-','-','RUA BENTO SABINO DOS REIS','16','','40320040','','','',54),(198,'MAGALY FERNANDES PEREIRA DA SILVA',7,243,550,'999667823','ATENDENTE','-','-','RUA MARQUêS DE MARICá','6','CHÁCARA RAMOS','40310000','','','',54),(199,'JAQUELINE CARREGOSA COUTINHO',7,244,551,'988879404','DONA DE CASA','AUTONOMO','-','RUA TRASYBULO FERRAZ','07','','40313700','','','',54),(200,'JOSUÉ DANTAS SOUSA',6,245,552,'988979710','SERVIDOR P. FEDERAL','-','-','RUA DESEMBARGADOR JúLIO DE BRITO','70B','','40300160','','','',54),(201,'VALMIR PEREIRA DOS SANTOS',6,246,446,'987861722','-','','','RUA PROF SOEIRO','3A','','40310300','','','',54),(202,'VILMA SANTOS DA SILVA',7,247,553,'982894231','-','-','-','RUA DOS PIRINEUS DE BAIXO','59','','40310545','','','',54),(203,'LILIAM MAGALHÃES DE JESUS',7,248,554,'981689274/88769608','EXECUTIVA DE VENDAS','UNILEVER','liliammagalhares01@outlook.com','RUA MANOEL DRUMOND','66E','','40320670','','','',54),(204,'ROBSON VALERIANO DE SOUSA',6,249,555,'986320304','OFICIAL DE MANUTENÇÃ','LIQ COMUNICAÇÕES','robsonvaleriano@yahoo.com.br','RUA OSCAR LOPES','03','','40320810','','','',54),(205,'JUCIMAR SANTOS LOPES',6,250,556,'-','DESIGN GRÁFICO','-','-','RUA AGOSTINHO SCHIMIDT','33','','40323020','','','',54),(206,'JEFERSON SOARES CARDOSO',6,251,557,'986201467','VIGILANTE','','JEFERSOESPIRITOSANTO@OUTLOOK.C','RUA SÃO TOMÉ ','24','','40310420','','','',54),(207,'TIALA DA CONCEIÇÃO FERREIRA PINTO',7,252,558,'988692555','ZELADORA','SALVADOR TRADE CENTE','TIALAF1989@GMAIL,COM','RUA SALDANHA MARINHO','101','','40323010','','','',54),(208,'INDAIA ALBERGARIA DE JESUS NEVES',7,253,559,'988768606','TEC EM ENFERMAGEM','-','-','RUA SALDANHA MARINHO','294','','40323010','','','',54),(209,'EDRAS MARQUES GOMES FERREIRA',6,254,560,'986201369','RODOVIARIO','NACCI','EDRASMGF@GMAIL.CO','2ª TRAVESSA DA MANDCHúRIA','2 E','','40320185','','','',54),(210,'CARINA DE JESUS RIBEIRO',7,255,561,'987221381','AUX. ADMINISTRATIVO','H. ROBERTO SANTOS','-','RUA AGOSTINHO SCHIMIDT','68','','40323020','','','',54),(211,'CARINA DE JESUS RIBEIRO',7,256,561,'987221381','AUX. ADMINISTRATIVO','H. ROBERTO SANTOS','-','RUA AGOSTINHO SCHIMIDT','68','','40323020','','','',54),(212,'CLAUDEVINO REGINALDO DOS SANTOS',6,257,562,'988477281','ELETRICISTA','-','-','RUA HAVAí','15','','40320540','','','',54),(213,'YTALO DA CONCEIÇÃO FERREIRA PINTO',6,258,563,'982449315','TEC EMSEG DO TRABALH','-','ytalo.pinto@nobretecengenharia','RUA SALDANHA MARINHO','101','','40323010','','','',54),(214,'KAZUMI KANZAKI',6,259,564,'988473965','SOPORTE','CENTRO DA CIDADE','kazumikanzaki@gmail.com','RUA CARLOS GOMES','698','AP 1104 ED ANABELA ','40006033','','','',54),(215,'ANDREIA IEDA DE SOUSSA R, DOS SANTO',7,260,565,'99191894','FUNCIONÁRIA PÚBLICA','LAURO DE FREITAS','wesey_cezar@hotmail.com','ESTRADA DA MANDCHúRIA','27b','','40323085','','','',54),(216,'RENATO FRANCISCO DO ESPIRITO SANTO',6,261,566,'987564081','SEGURANÇA','-','-','AVENIDA BOM MUNDO','51E','','40300070','','','',54),(217,'JUDNEI MELO DE FREITAS',9,262,567,'-','OPERADOR','CONTINENTAL PNEUS','-','RUA CONDE DE PORTO ALEGRE','48','','40330200','IAPI','SALVADOR','BA',54),(218,'CAMILA MARQUES DE ALMEIDA SILVA',7,263,569,'992771160','TEC EM ENFERMAGEM','BSC BAHIA E.C. CAMAÇ','milamarquesreis@hotmail.com','RUA SALDANHA MARINHO','14','TV 18 DE FEVEREIRO','40120150','','','',54),(219,'REBECA SILVA ALMEIDA',7,264,568,'987122780','ASSISTENTE ADMINISTRATIVO','CAIXA DÁGUA','REBECA.SALMEIDA@HOTMAIL.COM','1ª RUA DA MANDCHúRIA','53','','40320620','','','',54),(220,'VALDIRENE SILVA DOS SANTOS',7,265,570,'-','FISIOTERPEUTA','-','VALFISI@YAHOO.COM.BR','AV. OTAVIO MANGABEIRA','03','','40340040','','','',54),(221,'UELTON BARBOSA SANTOS',6,266,571,'988144013','ELETRICISTA','-','uelton-santos31@gmail.com','TRAVESSA DA MANDCHúRIA','39','','40320630','','','',54),(222,'DÉBORA SANTANA DOS SANTOS',7,267,572,'986654387','ASSIT. ADMINISTRATIVO','HOSPITAL DA CIDADE','deboraedaiara@gmail.com','AVENIDA SANTANA DO PERO VAZ','256','','40335630','','','',54),(223,'JORGE RODRIGUES DA SILVA',2,268,573,'-','AUTÔNOMO','-','-','R DOMINGOS PEREIRA BAIÃO','28','','40320080','CAIXA D AGUA','SALVADOR','BA',54),(224,'ADRIANA VIRGINIA SANTOS',7,269,574,'986645624','EDUCADORA FISICA','CORREDOR DA VITORIA','PORTO_GURO@HOTMAIL.COM','VILA WANDA','81','','40335510','','','',54),(225,'MICHELE COELHO SANTOS',7,270,575,'988559560  983149931','PEDAGOGA','AUTONOMA - ESTOFARIA','mi_coelhinha@hotmail.com','1ª AVENIDA FLORA','118','','40300010','','','',54),(226,'EREMITA CONCEIÇÃO DA SILVA',2,271,576,'992841420','DONA DE CASA','','-','RUA JUAZEIRO ','97','','40321055','Caixa D\\\'Água','Salvador','BA',54),(227,'RITA DE CASSIA DA CONCEIÇÃO CRUZ DE',7,272,577,'987358310','AUXILIAR DE SERVIÇOS HOSPITALA','CENTENARIO','-','RUA MANOEL DRUMOND','43','CONDOMÍNIO PARQUE','40320670','','','',54),(228,'TAIS CARVALHO SERGIO',7,273,578,'988615228','CONERCIANTE','CAIXA D´ÁGUA','TAISCARVALHO028@HOTMAIL.COM','RUA AGOSTINHO SCHIMIDT','56','LOJA RIBEIRO FERAGEM','40323020','','','',54),(229,'ELISAMA DE QUEIROZ PINTO',7,274,580,'981842584','CONSULTORA DE VENDAS','BOCA DO RIO','-','RUA NEVES DA ROCHA','67A','','40320530','','','',54),(230,'FEFERSOM AZEVEDO CAZUMBÁ',6,275,581,'982752931','VIGILANTE','PITUBA','JEFFERSOM_CAZUMBA84@OUTLOOK.CO','RUA AGOSTINHO SCHIMIDT','18','1 ANDAR','40323020','','','',54),(231,'LUAN MORAES LOBÃO',6,276,582,'993237200','EMPRESARIO','PARALELA','ISADORAALVES2001@OULTOOL.COM','RUA MANOEL INáCIO DA COSTA','9','','40320030','','','',54),(232,'LUAN MORAES LOBÃO',6,277,582,'993237200','EMPRESARIO','PARALELA','ISADORAALVES2001@OULTOOL.COM','RUA MANOEL INáCIO DA COSTA','9','','40320030','','','',54),(233,'ELIANE COSTA BRITO',7,278,583,'999349454','SECRETÁRIA','CAB','','RUA OSCAR LOPES','16','','40320810','','','',54),(234,'JADSON DE JESUS SANTOS',6,279,584,'983027579','MOTORISTA OPERADOR','USIT LOCAÇÕES','-','AVENIDA SãO TOMé','04','','40320410','','','',54),(235,'JURANDIR SOUZA SALLES',2,281,585,'986912865','SEGURANÇA','','','MARQUES DE MARICA','81 A','','40310000','Pau Miúdo','Salvador','BA',54),(236,'MICHELE CERQUEIRA DE OLIVEIRA',7,282,587,'32447851','DONA DE CASA','','','TRAVESSA JOANA D\'ARC','19','','40320650','','','',54),(237,'DANIEL OLIVEIRA DE BRITO',6,283,588,'91411001','VIGILANTE','LUCAIA','biadani.anavitoria@gmail.com','RUA PEDRO IVO','47','','40320010','','','',54),(238,'ELIANE ALVES DOS SANTOS',7,284,589,'932341141/983287441','ESTUDANTE','','','TRAVESSA DA MANDCHúRIA','46 A','','40320630','','','',54);
/*!40000 ALTER TABLE `responsaveis` ENABLE KEYS */;
UNLOCK TABLES;

--
-- Table structure for table `series`
--

DROP TABLE IF EXISTS `series`;
/*!40101 SET @saved_cs_client     = @@character_set_client */;
/*!40101 SET character_set_client = utf8 */;
CREATE TABLE `series` (
  `id_serie` int(11) NOT NULL AUTO_INCREMENT,
  `nm_serie` varchar(20) NOT NULL,
  PRIMARY KEY (`id_serie`)
) ENGINE=InnoDB AUTO_INCREMENT=11 DEFAULT CHARSET=latin1;
/*!40101 SET character_set_client = @saved_cs_client */;

--
-- Dumping data for table `series`
--

LOCK TABLES `series` WRITE;
/*!40000 ALTER TABLE `series` DISABLE KEYS */;
INSERT INTO `series` VALUES (1,'Grupo II'),(2,'Grupo III'),(3,'Grupo I'),(4,'Grupo IV'),(5,'Grupo V'),(6,'4 ano'),(7,'5 ano'),(8,'1 ano'),(9,'2 ano'),(10,'3 ano');
/*!40000 ALTER TABLE `series` ENABLE KEYS */;
UNLOCK TABLES;

--
-- Table structure for table `status`
--

DROP TABLE IF EXISTS `status`;
/*!40101 SET @saved_cs_client     = @@character_set_client */;
/*!40101 SET character_set_client = utf8 */;
CREATE TABLE `status` (
  `id_status` int(11) NOT NULL AUTO_INCREMENT,
  `nm_status` varchar(50) NOT NULL,
  PRIMARY KEY (`id_status`)
) ENGINE=InnoDB AUTO_INCREMENT=6 DEFAULT CHARSET=latin1;
/*!40101 SET character_set_client = @saved_cs_client */;

--
-- Dumping data for table `status`
--

LOCK TABLES `status` WRITE;
/*!40000 ALTER TABLE `status` DISABLE KEYS */;
INSERT INTO `status` VALUES (1,'supervisor'),(2,'operador'),(3,'visitante'),(4,'desligado'),(5,'novo');
/*!40000 ALTER TABLE `status` ENABLE KEYS */;
UNLOCK TABLES;

--
-- Table structure for table `usuarios`
--

DROP TABLE IF EXISTS `usuarios`;
/*!40101 SET @saved_cs_client     = @@character_set_client */;
/*!40101 SET character_set_client = utf8 */;
CREATE TABLE `usuarios` (
  `id_usuario` int(11) NOT NULL AUTO_INCREMENT,
  `nm_usuario` varchar(50) COLLATE latin1_general_ci NOT NULL,
  `nm_login` varchar(50) COLLATE latin1_general_ci NOT NULL,
  `nm_senha` varchar(60) COLLATE latin1_general_ci NOT NULL,
  `nu_ip` varchar(50) COLLATE latin1_general_ci NOT NULL,
  `id_sexo` varchar(1) COLLATE latin1_general_ci NOT NULL,
  `nu_matricula` varchar(20) COLLATE latin1_general_ci NOT NULL,
  `nu_telefone` varchar(20) COLLATE latin1_general_ci NOT NULL,
  `id_status` int(11) NOT NULL DEFAULT '3',
  `dt_cadastro` date NOT NULL,
  PRIMARY KEY (`id_usuario`),
  KEY `id_status` (`id_status`)
) ENGINE=MyISAM AUTO_INCREMENT=59 DEFAULT CHARSET=latin1 COLLATE=latin1_general_ci;
/*!40101 SET character_set_client = @saved_cs_client */;

--
-- Dumping data for table `usuarios`
--

LOCK TABLES `usuarios` WRITE;
/*!40000 ALTER TABLE `usuarios` DISABLE KEYS */;
INSERT INTO `usuarios` VALUES (40,'Administrador','admin','*2AF5EFAC0B14C5132BCD3D297954B53E634D160F','','','','',1,'2017-11-04'),(57,'Lucimary Sousa Cruz da Paz','lucyeventos1@gmail.com','*DEF49BFB4C40BB39B66DCD7D7F3098817A6E5677','187.58.41.21','','','',3,'2018-11-07'),(53,'lucimary','luci@gmail.com','*23AE809DDACAF96AF0FD78ED04B6A265E05AA257','127.0.0.1','','','',2,'2018-04-25'),(54,'Emily Silva de Sousa','millyssousa20@gmail.com','*2944B49A5DE139C0CCB3BBC6AAA201CE61FCD927','::1','','','',1,'2018-05-04'),(56,'jairo vitorino','jairo.vitorino@gmail.com','*CAC926C90985FC48783145FD428E3F0EBDCF43A5','200.216.105.190','','','',1,'2018-05-20'),(58,'Não cadastrado','','','','','','',1,'2018-11-28');
/*!40000 ALTER TABLE `usuarios` ENABLE KEYS */;
UNLOCK TABLES;
/*!40103 SET TIME_ZONE=@OLD_TIME_ZONE */;

/*!40101 SET SQL_MODE=@OLD_SQL_MODE */;
/*!40014 SET FOREIGN_KEY_CHECKS=@OLD_FOREIGN_KEY_CHECKS */;
/*!40014 SET UNIQUE_CHECKS=@OLD_UNIQUE_CHECKS */;
/*!40101 SET CHARACTER_SET_CLIENT=@OLD_CHARACTER_SET_CLIENT */;
/*!40101 SET CHARACTER_SET_RESULTS=@OLD_CHARACTER_SET_RESULTS */;
/*!40101 SET COLLATION_CONNECTION=@OLD_COLLATION_CONNECTION */;
/*!40111 SET SQL_NOTES=@OLD_SQL_NOTES */;

-- Dump completed on 2019-01-17 10:24:09
